0 verbose cli F:\Program Files\nodejs\node.exe F:\Program Files\nodejs\node_modules\npm\bin\npm-cli.js
1 info using npm@11.13.0
2 info using node@v24.16.0
3 silly config load:file:F:\Program Files\nodejs\node_modules\npm\npmrc
4 silly config load:file:F:\CC_projects\travel_plan\frontend\.npmrc
5 silly config load:file:C:\Users\xara\.npmrc
6 silly config load:file:F:\Program Files\nodejs\node_global\etc\npmrc
7 verbose title npm install
8 verbose argv "install" "--cache" "F:/CC_projects/travel_plan/frontend/.npm-cache"
9 verbose logfile logs-max:10 dir:F:\CC_projects\travel_plan\frontend\.npm-cache\_logs\2026-05-24T07_12_48_389Z-
10 verbose logfile F:\CC_projects\travel_plan\frontend\.npm-cache\_logs\2026-05-24T07_12_48_389Z-debug-0.log
11 silly logfile done cleaning log files
12 silly packumentCache heap:4496293888 maxSize:1124073472 maxEntrySize:562036736
13 silly idealTree buildDeps
14 silly fetch manifest antd@^5.12.0
15 silly packumentCache full:https://registry.npmjs.org/antd cache-miss
16 http fetch GET 200 https://registry.npmjs.org/npm 705ms
17 http fetch GET 200 https://registry.npmjs.org/antd 743ms (cache miss)
18 silly packumentCache full:https://registry.npmjs.org/antd set size:undefined disposed:false
19 silly fetch manifest react@^18.2.0
20 silly packumentCache full:https://registry.npmjs.org/react cache-miss
21 http fetch GET 200 https://registry.npmjs.org/react 417ms (cache miss)
22 silly packumentCache full:https://registry.npmjs.org/react set size:undefined disposed:false
23 silly fetch manifest react-dom@^18.2.0
24 silly packumentCache full:https://registry.npmjs.org/react-dom cache-miss
25 http fetch GET 200 https://registry.npmjs.org/react-dom 292ms (cache miss)
26 silly packumentCache full:https://registry.npmjs.org/react-dom set size:undefined disposed:false
27 silly fetch manifest @ant-design/icons@^5.2.6
28 silly packumentCache full:https://registry.npmjs.org/@ant-design%2ficons cache-miss
29 http fetch GET 200 https://registry.npmjs.org/@ant-design%2ficons 274ms (cache miss)
30 silly packumentCache full:https://registry.npmjs.org/@ant-design%2ficons set size:undefined disposed:false
31 silly fetch manifest react-router-dom@^6.20.0
32 silly packumentCache full:https://registry.npmjs.org/react-router-dom cache-miss
33 http fetch GET 200 https://registry.npmjs.org/react-router-dom 174ms (cache miss)
34 silly packumentCache full:https://registry.npmjs.org/react-router-dom set size:undefined disposed:false
35 silly fetch manifest leaflet@^1.9.4
36 silly packumentCache full:https://registry.npmjs.org/leaflet cache-miss
37 http fetch GET 200 https://registry.npmjs.org/leaflet 258ms (cache miss)
38 silly packumentCache full:https://registry.npmjs.org/leaflet set size:undefined disposed:false
39 silly fetch manifest react-leaflet@^4.2.1
40 silly packumentCache full:https://registry.npmjs.org/react-leaflet cache-miss
41 http fetch GET 200 https://registry.npmjs.org/react-leaflet 121ms (cache miss)
42 silly packumentCache full:https://registry.npmjs.org/react-leaflet set size:undefined disposed:false
43 silly fetch manifest axios@^1.6.2
44 silly packumentCache full:https://registry.npmjs.org/axios cache-miss
45 http fetch GET 200 https://registry.npmjs.org/axios 135ms (cache miss)
46 silly packumentCache full:https://registry.npmjs.org/axios set size:undefined disposed:false
47 silly fetch manifest dayjs@^1.11.10
48 silly packumentCache full:https://registry.npmjs.org/dayjs cache-miss
49 http fetch GET 200 https://registry.npmjs.org/dayjs 120ms (cache miss)
50 silly packumentCache full:https://registry.npmjs.org/dayjs set size:undefined disposed:false
51 silly fetch manifest @types/react@^18.2.37
52 silly packumentCache full:https://registry.npmjs.org/@types%2freact cache-miss
53 http fetch GET 200 https://registry.npmjs.org/@types%2freact 152ms (cache miss)
54 silly packumentCache full:https://registry.npmjs.org/@types%2freact set size:undefined disposed:false
55 silly fetch manifest @types/react-dom@^18.2.15
56 silly packumentCache full:https://registry.npmjs.org/@types%2freact-dom cache-miss
57 http fetch GET 200 https://registry.npmjs.org/@types%2freact-dom 124ms (cache miss)
58 silly packumentCache full:https://registry.npmjs.org/@types%2freact-dom set size:undefined disposed:false
59 silly fetch manifest @vitejs/plugin-react@^4.2.0
60 silly packumentCache full:https://registry.npmjs.org/@vitejs%2fplugin-react cache-miss
61 http fetch GET 200 https://registry.npmjs.org/@vitejs%2fplugin-react 125ms (cache miss)
62 silly packumentCache full:https://registry.npmjs.org/@vitejs%2fplugin-react set size:undefined disposed:false
63 silly fetch manifest vite@^5.0.0
64 silly packumentCache full:https://registry.npmjs.org/vite cache-miss
65 http fetch GET 200 https://registry.npmjs.org/vite 1342ms (cache miss)
66 silly packumentCache full:https://registry.npmjs.org/vite set size:undefined disposed:false
67 silly fetch manifest @types/node@^18.0.0 || >=20.0.0
68 silly packumentCache full:https://registry.npmjs.org/@types%2fnode cache-miss
69 http fetch GET 200 https://registry.npmjs.org/@types%2fnode 303ms (cache miss)
70 silly packumentCache full:https://registry.npmjs.org/@types%2fnode set size:undefined disposed:false
71 silly fetch manifest less@*
72 silly packumentCache full:https://registry.npmjs.org/less cache-miss
73 http fetch GET 200 https://registry.npmjs.org/less 135ms (cache miss)
74 silly packumentCache full:https://registry.npmjs.org/less set size:undefined disposed:false
75 silly fetch manifest lightningcss@^1.21.0
76 silly packumentCache full:https://registry.npmjs.org/lightningcss cache-miss
77 http fetch GET 200 https://registry.npmjs.org/lightningcss 120ms (cache miss)
78 silly packumentCache full:https://registry.npmjs.org/lightningcss set size:undefined disposed:false
79 silly fetch manifest sass@*
80 silly packumentCache full:https://registry.npmjs.org/sass cache-miss
81 http fetch GET 200 https://registry.npmjs.org/sass 151ms (cache miss)
82 silly packumentCache full:https://registry.npmjs.org/sass set size:undefined disposed:false
83 silly fetch manifest sass-embedded@*
84 silly packumentCache full:https://registry.npmjs.org/sass-embedded cache-miss
85 http fetch GET 200 https://registry.npmjs.org/sass-embedded 115ms (cache miss)
86 silly packumentCache full:https://registry.npmjs.org/sass-embedded set size:undefined disposed:false
87 silly fetch manifest stylus@*
88 silly packumentCache full:https://registry.npmjs.org/stylus cache-miss
89 http fetch GET 200 https://registry.npmjs.org/stylus 109ms (cache miss)
90 silly packumentCache full:https://registry.npmjs.org/stylus set size:undefined disposed:false
91 silly fetch manifest sugarss@*
92 silly packumentCache full:https://registry.npmjs.org/sugarss cache-miss
93 http fetch GET 200 https://registry.npmjs.org/sugarss 106ms (cache miss)
94 silly packumentCache full:https://registry.npmjs.org/sugarss set size:undefined disposed:false
95 silly fetch manifest postcss@^8.4.32
96 silly packumentCache full:https://registry.npmjs.org/postcss cache-miss
97 http fetch GET 200 https://registry.npmjs.org/postcss 120ms (cache miss)
98 silly packumentCache full:https://registry.npmjs.org/postcss set size:undefined disposed:false
99 silly fetch manifest terser@^5.4.0
100 silly packumentCache full:https://registry.npmjs.org/terser cache-miss
101 http fetch GET 200 https://registry.npmjs.org/terser 127ms (cache miss)
102 silly packumentCache full:https://registry.npmjs.org/terser set size:undefined disposed:false
103 silly fetch manifest tailwindcss@^3.3.6
104 silly packumentCache full:https://registry.npmjs.org/tailwindcss cache-miss
105 http fetch GET 200 https://registry.npmjs.org/tailwindcss 279ms (cache miss)
106 silly packumentCache full:https://registry.npmjs.org/tailwindcss set size:undefined disposed:false
107 silly fetch manifest autoprefixer@^10.4.16
108 silly packumentCache full:https://registry.npmjs.org/autoprefixer cache-miss
109 http fetch GET 200 https://registry.npmjs.org/autoprefixer 133ms (cache miss)
110 silly packumentCache full:https://registry.npmjs.org/autoprefixer set size:undefined disposed:false
111 silly placeDep ROOT @ant-design/icons@5.6.1 OK for: travel-plan-frontend@1.0.0 want: ^5.2.6
112 silly placeDep ROOT react@18.3.1 OK for: @ant-design/icons@5.6.1 want: >=16.0.0
113 silly placeDep ROOT react-dom@18.3.1 OK for: @ant-design/icons@5.6.1 want: >=16.0.0
114 silly placeDep ROOT @types/react@18.3.29 OK for: travel-plan-frontend@1.0.0 want: ^18.2.37
115 silly placeDep ROOT @types/react-dom@18.3.7 OK for: travel-plan-frontend@1.0.0 want: ^18.2.15
116 silly placeDep ROOT @vitejs/plugin-react@4.7.0 OK for: travel-plan-frontend@1.0.0 want: ^4.2.0
117 silly placeDep ROOT vite@5.4.21 OK for: @vitejs/plugin-react@4.7.0 want: ^4.2.0 || ^5.0.0 || ^6.0.0 || ^7.0.0
118 silly placeDep ROOT antd@5.29.3 OK for: travel-plan-frontend@1.0.0 want: ^5.12.0
119 silly placeDep ROOT autoprefixer@10.5.0 OK for: travel-plan-frontend@1.0.0 want: ^10.4.16
120 silly placeDep ROOT postcss@8.5.15 OK for: autoprefixer@10.5.0 want: ^8.1.0
121 silly placeDep ROOT axios@1.16.1 OK for: travel-plan-frontend@1.0.0 want: ^1.6.2
122 silly placeDep ROOT dayjs@1.11.20 OK for: travel-plan-frontend@1.0.0 want: ^1.11.10
123 silly placeDep ROOT leaflet@1.9.4 OK for: travel-plan-frontend@1.0.0 want: ^1.9.4
124 silly placeDep ROOT react-leaflet@4.2.1 OK for: travel-plan-frontend@1.0.0 want: ^4.2.1
125 silly placeDep ROOT react-router-dom@6.30.3 OK for: travel-plan-frontend@1.0.0 want: ^6.20.0
126 silly placeDep ROOT tailwindcss@3.4.19 OK for: travel-plan-frontend@1.0.0 want: ^3.3.6
127 silly fetch manifest rc-util@^5.31.1
128 silly packumentCache full:https://registry.npmjs.org/rc-util cache-miss
129 silly fetch manifest classnames@^2.2.6
130 silly packumentCache full:https://registry.npmjs.org/classnames cache-miss
131 silly fetch manifest @babel/runtime@^7.24.8
132 silly packumentCache full:https://registry.npmjs.org/@babel%2fruntime cache-miss
133 silly fetch manifest @ant-design/colors@^7.0.0
134 silly packumentCache full:https://registry.npmjs.org/@ant-design%2fcolors cache-miss
135 silly fetch manifest @ant-design/icons-svg@^4.4.0
136 silly packumentCache full:https://registry.npmjs.org/@ant-design%2ficons-svg cache-miss
137 silly fetch manifest scheduler@^0.23.2
138 silly packumentCache full:https://registry.npmjs.org/scheduler cache-miss
139 silly fetch manifest loose-envify@^1.1.0
140 silly packumentCache full:https://registry.npmjs.org/loose-envify cache-miss
141 silly fetch manifest loose-envify@^1.1.0
142 silly packumentCache full:https://registry.npmjs.org/loose-envify cache-miss
143 silly fetch manifest csstype@^3.2.2
144 silly packumentCache full:https://registry.npmjs.org/csstype cache-miss
145 silly fetch manifest @types/prop-types@*
146 silly packumentCache full:https://registry.npmjs.org/@types%2fprop-types cache-miss
147 silly fetch manifest @babel/core@^7.28.0
148 silly packumentCache full:https://registry.npmjs.org/@babel%2fcore cache-miss
149 silly fetch manifest react-refresh@^0.17.0
150 silly packumentCache full:https://registry.npmjs.org/react-refresh cache-miss
151 silly fetch manifest @types/babel__core@^7.20.5
152 silly packumentCache full:https://registry.npmjs.org/@types%2fbabel__core cache-miss
153 silly fetch manifest @rolldown/pluginutils@1.0.0-beta.27
154 silly packumentCache full:https://registry.npmjs.org/@rolldown%2fpluginutils cache-miss
155 silly fetch manifest @babel/plugin-transform-react-jsx-self@^7.27.1
156 silly packumentCache full:https://registry.npmjs.org/@babel%2fplugin-transform-react-jsx-self cache-miss
157 http fetch GET 200 https://registry.npmjs.org/classnames 112ms (cache miss)
158 silly packumentCache full:https://registry.npmjs.org/classnames set size:undefined disposed:false
159 silly fetch manifest @babel/plugin-transform-react-jsx-source@^7.27.1
160 silly packumentCache full:https://registry.npmjs.org/@babel%2fplugin-transform-react-jsx-source cache-miss
161 http fetch GET 200 https://registry.npmjs.org/rc-util 136ms (cache miss)
162 silly packumentCache full:https://registry.npmjs.org/rc-util set size:undefined disposed:false
163 silly fetch manifest rollup@^4.20.0
164 silly packumentCache full:https://registry.npmjs.org/rollup cache-miss
165 http fetch GET 200 https://registry.npmjs.org/@babel%2fplugin-transform-react-jsx-source 130ms (cache miss)
166 silly packumentCache full:https://registry.npmjs.org/@babel%2fplugin-transform-react-jsx-source set size:undefined disposed:false
167 silly fetch manifest esbuild@^0.21.3
168 silly packumentCache full:https://registry.npmjs.org/esbuild cache-miss
169 http fetch GET 200 https://registry.npmjs.org/rollup 200ms (cache miss)
170 silly packumentCache full:https://registry.npmjs.org/rollup set size:undefined disposed:false
171 silly fetch manifest postcss@^8.4.43
172 silly packumentCache full:https://registry.npmjs.org/postcss cache-miss
173 http cache https://registry.npmjs.org/postcss 14ms (cache hit)
174 silly packumentCache full:https://registry.npmjs.org/postcss set size:723316 disposed:false
175 silly fetch manifest fsevents@~2.3.3
176 silly packumentCache full:https://registry.npmjs.org/fsevents cache-miss
177 http fetch GET 200 https://registry.npmjs.org/loose-envify 379ms (cache miss)
178 silly packumentCache full:https://registry.npmjs.org/loose-envify set size:undefined disposed:false
179 silly fetch manifest dayjs@^1.11.11
180 silly packumentCache full:https://registry.npmjs.org/dayjs cache-miss
181 http cache https://registry.npmjs.org/dayjs 5ms (cache hit)
182 silly packumentCache full:https://registry.npmjs.org/dayjs set size:486327 disposed:false
183 silly fetch manifest rc-menu@~9.16.1
184 silly packumentCache full:https://registry.npmjs.org/rc-menu cache-miss
185 http fetch GET 200 https://registry.npmjs.org/loose-envify 395ms (cache miss)
186 silly packumentCache full:https://registry.npmjs.org/loose-envify set size:undefined disposed:false
187 silly fetch manifest rc-rate@~2.13.1
188 silly packumentCache full:https://registry.npmjs.org/rc-rate cache-miss
189 http fetch GET 200 https://registry.npmjs.org/esbuild 172ms (cache miss)
190 silly packumentCache full:https://registry.npmjs.org/esbuild set size:undefined disposed:false
191 silly fetch manifest rc-tabs@~15.7.0
192 silly packumentCache full:https://registry.npmjs.org/rc-tabs cache-miss
193 http fetch GET 200 https://registry.npmjs.org/@ant-design%2ficons-svg 433ms (cache miss)
194 silly packumentCache full:https://registry.npmjs.org/@ant-design%2ficons-svg set size:undefined disposed:false
195 silly fetch manifest rc-tree@~5.13.1
196 silly packumentCache full:https://registry.npmjs.org/rc-tree cache-miss
197 http fetch GET 200 https://registry.npmjs.org/@types%2fprop-types 433ms (cache miss)
198 silly packumentCache full:https://registry.npmjs.org/@types%2fprop-types set size:undefined disposed:false
199 silly fetch manifest rc-util@^5.44.4
200 silly packumentCache full:https://registry.npmjs.org/rc-util cache-miss
201 http fetch GET 200 https://registry.npmjs.org/@ant-design%2fcolors 441ms (cache miss)
202 silly packumentCache full:https://registry.npmjs.org/@ant-design%2fcolors set size:undefined disposed:false
203 silly fetch manifest rc-image@~7.12.0
204 silly packumentCache full:https://registry.npmjs.org/rc-image cache-miss
205 http fetch GET 200 https://registry.npmjs.org/@types%2fbabel__core 445ms (cache miss)
206 silly packumentCache full:https://registry.npmjs.org/@types%2fbabel__core set size:undefined disposed:false
207 silly fetch manifest rc-input@~1.8.0
208 silly packumentCache full:https://registry.npmjs.org/rc-input cache-miss
209 http cache https://registry.npmjs.org/rc-util 14ms (cache hit)
210 silly packumentCache full:https://registry.npmjs.org/rc-util set size:667153 disposed:false
211 silly fetch manifest rc-steps@~6.0.1
212 silly packumentCache full:https://registry.npmjs.org/rc-steps cache-miss
213 http fetch GET 200 https://registry.npmjs.org/@rolldown%2fpluginutils 456ms (cache miss)
214 silly packumentCache full:https://registry.npmjs.org/@rolldown%2fpluginutils set size:undefined disposed:false
215 silly fetch manifest rc-table@~7.54.0
216 silly packumentCache full:https://registry.npmjs.org/rc-table cache-miss
217 http fetch GET 200 https://registry.npmjs.org/@babel%2fplugin-transform-react-jsx-self 461ms (cache miss)
218 silly packumentCache full:https://registry.npmjs.org/@babel%2fplugin-transform-react-jsx-self set size:undefined disposed:false
219 silly fetch manifest rc-dialog@~9.6.0
220 silly packumentCache full:https://registry.npmjs.org/rc-dialog cache-miss
221 http fetch GET 200 https://registry.npmjs.org/csstype 468ms (cache miss)
222 silly packumentCache full:https://registry.npmjs.org/csstype set size:undefined disposed:false
223 silly fetch manifest rc-drawer@~7.3.0
224 silly packumentCache full:https://registry.npmjs.org/rc-drawer cache-miss
225 http fetch GET 200 https://registry.npmjs.org/fsevents 115ms (cache miss)
226 silly packumentCache full:https://registry.npmjs.org/fsevents set size:undefined disposed:false
227 silly fetch manifest rc-motion@^2.9.5
228 silly packumentCache full:https://registry.npmjs.org/rc-motion cache-miss
229 http fetch GET 200 https://registry.npmjs.org/rc-rate 125ms (cache miss)
230 silly packumentCache full:https://registry.npmjs.org/rc-rate set size:undefined disposed:false
231 silly fetch manifest rc-picker@~4.11.3
232 silly packumentCache full:https://registry.npmjs.org/rc-picker cache-miss
233 http fetch GET 200 https://registry.npmjs.org/@babel%2fcore 556ms (cache miss)
234 silly packumentCache full:https://registry.npmjs.org/@babel%2fcore set size:undefined disposed:false
235 silly fetch manifest rc-select@~14.16.8
236 silly packumentCache full:https://registry.npmjs.org/rc-select cache-miss
237 http fetch GET 200 https://registry.npmjs.org/rc-tabs 139ms (cache miss)
238 silly packumentCache full:https://registry.npmjs.org/rc-tabs set size:undefined disposed:false
239 silly fetch manifest rc-slider@~11.1.9
240 silly packumentCache full:https://registry.npmjs.org/rc-slider cache-miss
241 http fetch GET 200 https://registry.npmjs.org/rc-steps 129ms (cache miss)
242 silly packumentCache full:https://registry.npmjs.org/rc-steps set size:undefined disposed:false
243 silly fetch manifest rc-switch@~4.1.0
244 silly packumentCache full:https://registry.npmjs.org/rc-switch cache-miss
245 http fetch GET 200 https://registry.npmjs.org/rc-input 143ms (cache miss)
246 silly packumentCache full:https://registry.npmjs.org/rc-input set size:undefined disposed:false
247 silly fetch manifest rc-upload@~4.11.0
248 silly packumentCache full:https://registry.npmjs.org/rc-upload cache-miss
249 http fetch GET 200 https://registry.npmjs.org/rc-motion 108ms (cache miss)
250 silly packumentCache full:https://registry.npmjs.org/rc-motion set size:undefined disposed:false
251 silly fetch manifest classnames@^2.5.1
252 silly packumentCache full:https://registry.npmjs.org/classnames cache-miss
253 http cache https://registry.npmjs.org/classnames 3ms (cache hit)
254 silly packumentCache full:https://registry.npmjs.org/classnames set size:63028 disposed:false
255 silly fetch manifest rc-tooltip@~6.4.0
256 silly packumentCache full:https://registry.npmjs.org/rc-tooltip cache-miss
257 http fetch GET 200 https://registry.npmjs.org/rc-drawer 152ms (cache miss)
258 silly packumentCache full:https://registry.npmjs.org/rc-drawer set size:undefined disposed:false
259 silly fetch manifest rc-cascader@~3.34.0
260 silly packumentCache full:https://registry.npmjs.org/rc-cascader cache-miss
261 http fetch GET 200 https://registry.npmjs.org/rc-image 202ms (cache miss)
262 silly packumentCache full:https://registry.npmjs.org/rc-image set size:undefined disposed:false
263 silly fetch manifest rc-checkbox@~3.5.0
264 silly packumentCache full:https://registry.npmjs.org/rc-checkbox cache-miss
265 http fetch GET 200 https://registry.npmjs.org/rc-menu 264ms (cache miss)
266 silly packumentCache full:https://registry.npmjs.org/rc-menu set size:undefined disposed:false
267 silly fetch manifest rc-collapse@~3.9.0
268 silly packumentCache full:https://registry.npmjs.org/rc-collapse cache-miss
269 http fetch GET 200 https://registry.npmjs.org/@babel%2fruntime 669ms (cache miss)
270 silly packumentCache full:https://registry.npmjs.org/@babel%2fruntime set size:undefined disposed:false
271 silly fetch manifest rc-dropdown@~4.2.1
272 silly packumentCache full:https://registry.npmjs.org/rc-dropdown cache-miss
273 http fetch GET 200 https://registry.npmjs.org/rc-dialog 222ms (cache miss)
274 silly packumentCache full:https://registry.npmjs.org/rc-dialog set size:undefined disposed:false
275 silly fetch manifest rc-mentions@~2.20.0
276 silly packumentCache full:https://registry.npmjs.org/rc-mentions cache-miss
277 http fetch GET 200 https://registry.npmjs.org/rc-select 158ms (cache miss)
278 silly packumentCache full:https://registry.npmjs.org/rc-select set size:undefined disposed:false
279 silly fetch manifest rc-progress@~4.0.0
280 silly packumentCache full:https://registry.npmjs.org/rc-progress cache-miss
281 http fetch GET 200 https://registry.npmjs.org/rc-switch 140ms (cache miss)
282 silly packumentCache full:https://registry.npmjs.org/rc-switch set size:undefined disposed:false
283 silly fetch manifest rc-textarea@~1.10.2
284 silly packumentCache full:https://registry.npmjs.org/rc-textarea cache-miss
285 http fetch GET 200 https://registry.npmjs.org/rc-tree 320ms (cache miss)
286 silly packumentCache full:https://registry.npmjs.org/rc-tree set size:undefined disposed:false
287 silly fetch manifest rc-segmented@~2.7.0
288 silly packumentCache full:https://registry.npmjs.org/rc-segmented cache-miss
289 http fetch GET 200 https://registry.npmjs.org/rc-tooltip 156ms (cache miss)
290 silly packumentCache full:https://registry.npmjs.org/rc-tooltip set size:undefined disposed:false
291 silly fetch manifest rc-field-form@~2.7.1
292 silly packumentCache full:https://registry.npmjs.org/rc-field-form cache-miss
293 http fetch GET 200 https://registry.npmjs.org/rc-checkbox 136ms (cache miss)
294 silly packumentCache full:https://registry.npmjs.org/rc-checkbox set size:undefined disposed:false
295 silly fetch manifest rc-pagination@~5.1.0
296 silly packumentCache full:https://registry.npmjs.org/rc-pagination cache-miss
297 http fetch GET 200 https://registry.npmjs.org/rc-cascader 165ms (cache miss)
298 silly packumentCache full:https://registry.npmjs.org/rc-cascader set size:undefined disposed:false
299 silly fetch manifest @babel/runtime@^7.26.0
300 silly packumentCache full:https://registry.npmjs.org/@babel%2fruntime cache-miss
301 http cache https://registry.npmjs.org/@babel%2fruntime 9ms (cache hit)
302 silly packumentCache full:https://registry.npmjs.org/@babel%2fruntime set size:3404872 disposed:false
303 silly fetch manifest rc-tree-select@~5.27.0
304 silly packumentCache full:https://registry.npmjs.org/rc-tree-select cache-miss
305 http fetch GET 200 https://registry.npmjs.org/rc-picker 327ms (cache miss)
306 silly packumentCache full:https://registry.npmjs.org/rc-picker set size:undefined disposed:false
307 silly fetch manifest rc-input-number@~9.5.0
308 silly packumentCache full:https://registry.npmjs.org/rc-input-number cache-miss
309 http fetch GET 200 https://registry.npmjs.org/rc-upload 279ms (cache miss)
310 silly packumentCache full:https://registry.npmjs.org/rc-upload set size:undefined disposed:false
311 silly fetch manifest rc-notification@~5.6.4
312 silly packumentCache full:https://registry.npmjs.org/rc-notification cache-miss
313 http fetch GET 200 https://registry.npmjs.org/rc-progress 153ms (cache miss)
314 silly packumentCache full:https://registry.npmjs.org/rc-progress set size:undefined disposed:false
315 silly fetch manifest copy-to-clipboard@^3.3.3
316 silly packumentCache full:https://registry.npmjs.org/copy-to-clipboard cache-miss
317 http fetch GET 200 https://registry.npmjs.org/rc-table 424ms (cache miss)
318 silly packumentCache full:https://registry.npmjs.org/rc-table set size:undefined disposed:false
319 silly fetch manifest throttle-debounce@^5.0.2
320 silly packumentCache full:https://registry.npmjs.org/throttle-debounce cache-miss
321 http fetch GET 200 https://registry.npmjs.org/rc-segmented 140ms (cache miss)
322 silly packumentCache full:https://registry.npmjs.org/rc-segmented set size:undefined disposed:false
323 silly fetch manifest @ant-design/colors@^7.2.1
324 silly packumentCache full:https://registry.npmjs.org/@ant-design%2fcolors cache-miss
325 http fetch GET 200 https://registry.npmjs.org/rc-slider 339ms (cache miss)
326 silly packumentCache full:https://registry.npmjs.org/rc-slider set size:undefined disposed:false
327 silly fetch manifest @rc-component/tour@~1.15.1
328 silly packumentCache full:https://registry.npmjs.org/@rc-component%2ftour cache-miss
329 http fetch GET 200 https://registry.npmjs.org/rc-dropdown 228ms (cache miss)
330 silly packumentCache full:https://registry.npmjs.org/rc-dropdown set size:undefined disposed:false
331 silly fetch manifest rc-resize-observer@^1.4.3
332 silly packumentCache full:https://registry.npmjs.org/rc-resize-observer cache-miss
333 http fetch GET 200 https://registry.npmjs.org/rc-mentions 224ms (cache miss)
334 silly packumentCache full:https://registry.npmjs.org/rc-mentions set size:undefined disposed:false
335 silly fetch manifest @ant-design/cssinjs@^1.23.0
336 silly packumentCache full:https://registry.npmjs.org/@ant-design%2fcssinjs cache-miss
337 http cache https://registry.npmjs.org/@ant-design%2fcolors 21ms (cache hit)
338 silly packumentCache full:https://registry.npmjs.org/@ant-design%2fcolors set size:119477 disposed:false
339 silly fetch manifest @rc-component/qrcode@~1.1.0
340 silly packumentCache full:https://registry.npmjs.org/@rc-component%2fqrcode cache-miss
341 http fetch GET 200 https://registry.npmjs.org/rc-collapse 275ms (cache miss)
342 silly packumentCache full:https://registry.npmjs.org/rc-collapse set size:undefined disposed:false
343 silly fetch manifest @rc-component/trigger@^2.3.0
344 silly packumentCache full:https://registry.npmjs.org/@rc-component%2ftrigger cache-miss
345 http fetch GET 200 https://registry.npmjs.org/rc-field-form 170ms (cache miss)
346 silly packumentCache full:https://registry.npmjs.org/rc-field-form set size:undefined disposed:false
347 silly fetch manifest @ant-design/fast-color@^2.0.6
348 silly packumentCache full:https://registry.npmjs.org/@ant-design%2ffast-color cache-miss
349 http fetch GET 200 https://registry.npmjs.org/rc-pagination 161ms (cache miss)
350 silly packumentCache full:https://registry.npmjs.org/rc-pagination set size:undefined disposed:false
351 silly fetch manifest @ant-design/react-slick@~1.1.2
352 silly packumentCache full:https://registry.npmjs.org/@ant-design%2freact-slick cache-miss
353 http fetch GET 200 https://registry.npmjs.org/scheduler 958ms (cache miss)
354 silly packumentCache full:https://registry.npmjs.org/scheduler set size:undefined disposed:false
355 silly fetch manifest @ant-design/cssinjs-utils@^1.1.3
356 silly packumentCache full:https://registry.npmjs.org/@ant-design%2fcssinjs-utils cache-miss
357 http fetch GET 200 https://registry.npmjs.org/copy-to-clipboard 120ms (cache miss)
358 silly packumentCache full:https://registry.npmjs.org/copy-to-clipboard set size:undefined disposed:false
359 silly fetch manifest @rc-component/color-picker@~2.0.1
360 silly packumentCache full:https://registry.npmjs.org/@rc-component%2fcolor-picker cache-miss
361 http fetch GET 200 https://registry.npmjs.org/rc-notification 128ms (cache miss)
362 silly packumentCache full:https://registry.npmjs.org/rc-notification set size:undefined disposed:false
363 silly fetch manifest scroll-into-view-if-needed@^3.1.0
364 silly packumentCache full:https://registry.npmjs.org/scroll-into-view-if-needed cache-miss
365 http fetch GET 200 https://registry.npmjs.org/rc-tree-select 194ms (cache miss)
366 silly packumentCache full:https://registry.npmjs.org/rc-tree-select set size:undefined disposed:false
367 silly fetch manifest @rc-component/mutate-observer@^1.1.0
368 silly packumentCache full:https://registry.npmjs.org/@rc-component%2fmutate-observer cache-miss
369 http fetch GET 200 https://registry.npmjs.org/react-refresh 1017ms (cache miss)
370 silly packumentCache full:https://registry.npmjs.org/react-refresh set size:undefined disposed:false
371 silly fetch manifest browserslist@^4.28.2
372 silly packumentCache full:https://registry.npmjs.org/browserslist cache-miss
373 http fetch GET 200 https://registry.npmjs.org/rc-input-number 188ms (cache miss)
374 silly packumentCache full:https://registry.npmjs.org/rc-input-number set size:undefined disposed:false
375 silly fetch manifest caniuse-lite@^1.0.30001787
376 silly packumentCache full:https://registry.npmjs.org/caniuse-lite cache-miss
377 http fetch GET 200 https://registry.npmjs.org/throttle-debounce 153ms (cache miss)
378 silly packumentCache full:https://registry.npmjs.org/throttle-debounce set size:undefined disposed:false
379 silly fetch manifest fraction.js@^5.3.4
380 silly packumentCache full:https://registry.npmjs.org/fraction.js cache-miss
381 http fetch GET 200 https://registry.npmjs.org/rc-textarea 335ms (cache miss)
382 silly packumentCache full:https://registry.npmjs.org/rc-textarea set size:undefined disposed:false
383 silly fetch manifest picocolors@^1.1.1
384 silly packumentCache full:https://registry.npmjs.org/picocolors cache-miss
385 http fetch GET 200 https://registry.npmjs.org/rc-resize-observer 150ms (cache miss)
386 silly packumentCache full:https://registry.npmjs.org/rc-resize-observer set size:undefined disposed:false
387 silly fetch manifest postcss-value-parser@^4.2.0
388 silly packumentCache full:https://registry.npmjs.org/postcss-value-parser cache-miss
389 http fetch GET 200 https://registry.npmjs.org/@rc-component%2ftour 159ms (cache miss)
390 silly packumentCache full:https://registry.npmjs.org/@rc-component%2ftour set size:undefined disposed:false
391 silly fetch manifest nanoid@^3.3.12
392 silly packumentCache full:https://registry.npmjs.org/nanoid cache-miss
393 http fetch GET 200 https://registry.npmjs.org/@ant-design%2ffast-color 131ms (cache miss)
394 silly packumentCache full:https://registry.npmjs.org/@ant-design%2ffast-color set size:undefined disposed:false
395 silly fetch manifest picocolors@^1.1.1
396 silly packumentCache full:https://registry.npmjs.org/picocolors cache-miss
397 http fetch GET 200 https://registry.npmjs.org/@ant-design%2freact-slick 128ms (cache miss)
398 silly packumentCache full:https://registry.npmjs.org/@ant-design%2freact-slick set size:undefined disposed:false
399 silly fetch manifest source-map-js@^1.2.1
400 silly packumentCache full:https://registry.npmjs.org/source-map-js cache-miss
401 http fetch GET 200 https://registry.npmjs.org/scroll-into-view-if-needed 122ms (cache miss)
402 silly packumentCache full:https://registry.npmjs.org/scroll-into-view-if-needed set size:undefined disposed:false
403 silly fetch manifest follow-redirects@^1.16.0
404 silly packumentCache full:https://registry.npmjs.org/follow-redirects cache-miss
405 http fetch GET 200 https://registry.npmjs.org/@rc-component%2fmutate-observer 130ms (cache miss)
406 silly packumentCache full:https://registry.npmjs.org/@rc-component%2fmutate-observer set size:undefined disposed:false
407 silly fetch manifest form-data@^4.0.5
408 silly packumentCache full:https://registry.npmjs.org/form-data cache-miss
409 http fetch GET 200 https://registry.npmjs.org/@rc-component%2fcolor-picker 147ms (cache miss)
410 silly packumentCache full:https://registry.npmjs.org/@rc-component%2fcolor-picker set size:undefined disposed:false
411 silly fetch manifest https-proxy-agent@^5.0.1
412 silly packumentCache full:https://registry.npmjs.org/https-proxy-agent cache-miss
413 http fetch GET 200 https://registry.npmjs.org/fraction.js 113ms (cache miss)
414 silly packumentCache full:https://registry.npmjs.org/fraction.js set size:undefined disposed:false
415 silly fetch manifest proxy-from-env@^2.1.0
416 silly packumentCache full:https://registry.npmjs.org/proxy-from-env cache-miss
417 http fetch GET 200 https://registry.npmjs.org/picocolors 104ms (cache miss)
418 silly packumentCache full:https://registry.npmjs.org/picocolors set size:undefined disposed:false
419 silly fetch manifest @react-leaflet/core@^2.1.0
420 silly packumentCache full:https://registry.npmjs.org/@react-leaflet%2fcore cache-miss
421 http fetch GET 200 https://registry.npmjs.org/picocolors 114ms (cache miss)
422 silly packumentCache full:https://registry.npmjs.org/picocolors set size:undefined disposed:false
423 silly fetch manifest react-router@6.30.3
424 silly packumentCache full:https://registry.npmjs.org/react-router cache-miss
425 http fetch GET 200 https://registry.npmjs.org/postcss-value-parser 118ms (cache miss)
426 silly packumentCache full:https://registry.npmjs.org/postcss-value-parser set size:undefined disposed:false
427 silly fetch manifest @remix-run/router@1.23.2
428 silly packumentCache full:https://registry.npmjs.org/@remix-run%2frouter cache-miss
429 http fetch GET 200 https://registry.npmjs.org/nanoid 122ms (cache miss)
430 silly packumentCache full:https://registry.npmjs.org/nanoid set size:undefined disposed:false
431 silly fetch manifest arg@^5.0.2
432 silly packumentCache full:https://registry.npmjs.org/arg cache-miss
433 http fetch GET 200 https://registry.npmjs.org/source-map-js 116ms (cache miss)
434 silly packumentCache full:https://registry.npmjs.org/source-map-js set size:undefined disposed:false
435 silly fetch manifest dlv@^1.1.3
436 silly packumentCache full:https://registry.npmjs.org/dlv cache-miss
437 http fetch GET 200 https://registry.npmjs.org/@rc-component%2fqrcode 280ms (cache miss)
438 silly packumentCache full:https://registry.npmjs.org/@rc-component%2fqrcode set size:undefined disposed:false
439 silly fetch manifest jiti@^1.21.7
440 silly packumentCache full:https://registry.npmjs.org/jiti cache-miss
441 http fetch GET 200 https://registry.npmjs.org/@rc-component%2ftrigger 292ms (cache miss)
442 silly packumentCache full:https://registry.npmjs.org/@rc-component%2ftrigger set size:undefined disposed:false
443 silly fetch manifest is-glob@^4.0.3
444 silly packumentCache full:https://registry.npmjs.org/is-glob cache-miss
445 http fetch GET 200 https://registry.npmjs.org/follow-redirects 110ms (cache miss)
446 silly packumentCache full:https://registry.npmjs.org/follow-redirects set size:undefined disposed:false
447 silly fetch manifest resolve@^1.22.8
448 silly packumentCache full:https://registry.npmjs.org/resolve cache-miss
449 http fetch GET 200 https://registry.npmjs.org/https-proxy-agent 117ms (cache miss)
450 silly packumentCache full:https://registry.npmjs.org/https-proxy-agent set size:undefined disposed:false
451 silly fetch manifest sucrase@^3.35.0
452 silly packumentCache full:https://registry.npmjs.org/sucrase cache-miss
453 http fetch GET 200 https://registry.npmjs.org/proxy-from-env 105ms (cache miss)
454 silly packumentCache full:https://registry.npmjs.org/proxy-from-env set size:undefined disposed:false
455 silly fetch manifest chokidar@^3.6.0
456 silly packumentCache full:https://registry.npmjs.org/chokidar cache-miss
457 http fetch GET 200 https://registry.npmjs.org/@ant-design%2fcssinjs-utils 294ms (cache miss)
458 silly packumentCache full:https://registry.npmjs.org/@ant-design%2fcssinjs-utils set size:undefined disposed:false
459 silly fetch manifest fast-glob@^3.3.2
460 silly packumentCache full:https://registry.npmjs.org/fast-glob cache-miss
461 http fetch GET 200 https://registry.npmjs.org/form-data 135ms (cache miss)
462 silly packumentCache full:https://registry.npmjs.org/form-data set size:undefined disposed:false
463 silly fetch manifest lilconfig@^3.1.3
464 silly packumentCache full:https://registry.npmjs.org/lilconfig cache-miss
465 http fetch GET 200 https://registry.npmjs.org/dlv 103ms (cache miss)
466 silly packumentCache full:https://registry.npmjs.org/dlv set size:undefined disposed:false
467 silly fetch manifest didyoumean@^1.2.2
468 silly packumentCache full:https://registry.npmjs.org/didyoumean cache-miss
469 http fetch GET 200 https://registry.npmjs.org/arg 110ms (cache miss)
470 silly packumentCache full:https://registry.npmjs.org/arg set size:undefined disposed:false
471 silly fetch manifest micromatch@^4.0.8
472 silly packumentCache full:https://registry.npmjs.org/micromatch cache-miss
473 http fetch GET 200 https://registry.npmjs.org/is-glob 105ms (cache miss)
474 silly packumentCache full:https://registry.npmjs.org/is-glob set size:undefined disposed:false
475 silly fetch manifest postcss-js@^4.0.1
476 silly packumentCache full:https://registry.npmjs.org/postcss-js cache-miss
477 http fetch GET 200 https://registry.npmjs.org/browserslist 302ms (cache miss)
478 silly packumentCache full:https://registry.npmjs.org/browserslist set size:undefined disposed:false
479 silly fetch manifest glob-parent@^6.0.2
480 silly packumentCache full:https://registry.npmjs.org/glob-parent cache-miss
481 http fetch GET 200 https://registry.npmjs.org/caniuse-lite 308ms (cache miss)
482 silly packumentCache full:https://registry.npmjs.org/caniuse-lite set size:undefined disposed:false
483 silly fetch manifest object-hash@^3.0.0
484 silly packumentCache full:https://registry.npmjs.org/object-hash cache-miss
485 http fetch GET 200 https://registry.npmjs.org/resolve 127ms (cache miss)
486 silly packumentCache full:https://registry.npmjs.org/resolve set size:undefined disposed:false
487 silly fetch manifest normalize-path@^3.0.0
488 silly packumentCache full:https://registry.npmjs.org/normalize-path cache-miss
489 http fetch GET 200 https://registry.npmjs.org/@ant-design%2fcssinjs 457ms (cache miss)
490 silly packumentCache full:https://registry.npmjs.org/@ant-design%2fcssinjs set size:undefined disposed:false
491 silly fetch manifest postcss-import@^15.1.0
492 silly packumentCache full:https://registry.npmjs.org/postcss-import cache-miss
493 http fetch GET 200 https://registry.npmjs.org/jiti 176ms (cache miss)
494 silly packumentCache full:https://registry.npmjs.org/jiti set size:undefined disposed:false
495 silly fetch manifest postcss-nested@^6.2.0
496 silly packumentCache full:https://registry.npmjs.org/postcss-nested cache-miss
497 http fetch GET 200 https://registry.npmjs.org/sucrase 134ms (cache miss)
498 silly packumentCache full:https://registry.npmjs.org/sucrase set size:undefined disposed:false
499 silly fetch manifest @alloc/quick-lru@^5.2.0
500 silly packumentCache full:https://registry.npmjs.org/@alloc%2fquick-lru cache-miss
501 http fetch GET 200 https://registry.npmjs.org/chokidar 133ms (cache miss)
502 silly packumentCache full:https://registry.npmjs.org/chokidar set size:undefined disposed:false
503 silly fetch manifest postcss-load-config@^4.0.2 || ^5.0 || ^6.0
504 silly packumentCache full:https://registry.npmjs.org/postcss-load-config cache-miss
505 http fetch GET 200 https://registry.npmjs.org/fast-glob 134ms (cache miss)
506 silly packumentCache full:https://registry.npmjs.org/fast-glob set size:undefined disposed:false
507 silly fetch manifest postcss-selector-parser@^6.1.2
508 silly packumentCache full:https://registry.npmjs.org/postcss-selector-parser cache-miss
509 http fetch GET 200 https://registry.npmjs.org/lilconfig 132ms (cache miss)
510 silly packumentCache full:https://registry.npmjs.org/lilconfig set size:undefined disposed:false
511 http fetch GET 200 https://registry.npmjs.org/didyoumean 116ms (cache miss)
512 silly packumentCache full:https://registry.npmjs.org/didyoumean set size:undefined disposed:false
513 http fetch GET 200 https://registry.npmjs.org/micromatch 128ms (cache miss)
514 silly packumentCache full:https://registry.npmjs.org/micromatch set size:undefined disposed:false
515 http fetch GET 200 https://registry.npmjs.org/postcss-js 120ms (cache miss)
516 silly packumentCache full:https://registry.npmjs.org/postcss-js set size:undefined disposed:false
517 http fetch GET 200 https://registry.npmjs.org/glob-parent 111ms (cache miss)
518 silly packumentCache full:https://registry.npmjs.org/glob-parent set size:undefined disposed:false
519 http fetch GET 200 https://registry.npmjs.org/object-hash 116ms (cache miss)
520 silly packumentCache full:https://registry.npmjs.org/object-hash set size:undefined disposed:false
521 http fetch GET 200 https://registry.npmjs.org/normalize-path 110ms (cache miss)
522 silly packumentCache full:https://registry.npmjs.org/normalize-path set size:undefined disposed:false
523 http fetch GET 200 https://registry.npmjs.org/postcss-import 124ms (cache miss)
524 silly packumentCache full:https://registry.npmjs.org/postcss-import set size:undefined disposed:false
525 http fetch GET 200 https://registry.npmjs.org/postcss-load-config 111ms (cache miss)
526 silly packumentCache full:https://registry.npmjs.org/postcss-load-config set size:undefined disposed:false
527 http fetch GET 200 https://registry.npmjs.org/postcss-nested 138ms (cache miss)
528 silly packumentCache full:https://registry.npmjs.org/postcss-nested set size:undefined disposed:false
529 http fetch GET 200 https://registry.npmjs.org/@alloc%2fquick-lru 125ms (cache miss)
530 silly packumentCache full:https://registry.npmjs.org/@alloc%2fquick-lru set size:undefined disposed:false
531 http fetch GET 200 https://registry.npmjs.org/postcss-selector-parser 126ms (cache miss)
532 silly packumentCache full:https://registry.npmjs.org/postcss-selector-parser set size:undefined disposed:false
533 http fetch GET 200 https://registry.npmjs.org/@remix-run%2frouter 376ms (cache miss)
534 silly packumentCache full:https://registry.npmjs.org/@remix-run%2frouter set size:undefined disposed:false
535 http fetch GET 200 https://registry.npmjs.org/react-router 388ms (cache miss)
536 silly packumentCache full:https://registry.npmjs.org/react-router set size:undefined disposed:false
537 http fetch GET 200 https://registry.npmjs.org/@react-leaflet%2fcore 502ms (cache miss)
538 silly packumentCache full:https://registry.npmjs.org/@react-leaflet%2fcore set size:undefined disposed:false
539 silly fetch manifest react@>=16.0.0
540 silly packumentCache full:https://registry.npmjs.org/react cache-miss
541 http cache https://registry.npmjs.org/react 12ms (cache hit)
542 silly packumentCache full:https://registry.npmjs.org/react set size:6650647 disposed:false
543 silly fetch manifest react-dom@>=16.0.0
544 silly packumentCache full:https://registry.npmjs.org/react-dom cache-miss
545 http cache https://registry.npmjs.org/react-dom 14ms (cache hit)
546 silly packumentCache full:https://registry.npmjs.org/react-dom set size:8868827 disposed:false
547 silly placeDep ROOT @ant-design/colors@7.2.1 OK for: @ant-design/icons@5.6.1 want: ^7.0.0
548 silly placeDep ROOT @ant-design/icons-svg@4.4.2 OK for: @ant-design/icons@5.6.1 want: ^4.4.0
549 silly placeDep ROOT @babel/runtime@7.29.2 OK for: @ant-design/icons@5.6.1 want: ^7.24.8
550 silly placeDep ROOT classnames@2.5.1 OK for: @ant-design/icons@5.6.1 want: ^2.2.6
551 silly placeDep ROOT rc-util@5.44.4 OK for: @ant-design/icons@5.6.1 want: ^5.31.1
552 silly fetch manifest react-is@^18.2.0
553 silly packumentCache full:https://registry.npmjs.org/react-is cache-miss
554 http fetch GET 200 https://registry.npmjs.org/react-is 492ms (cache miss)
555 silly packumentCache full:https://registry.npmjs.org/react-is set size:undefined disposed:false
556 silly placeDep ROOT @ant-design/fast-color@2.0.6 OK for: @ant-design/colors@7.2.1 want: ^2.0.6
557 silly placeDep ROOT @types/prop-types@15.7.15 OK for: @types/react@18.3.29 want: *
558 silly placeDep ROOT csstype@3.2.3 OK for: @types/react@18.3.29 want: ^3.2.2
559 silly placeDep ROOT @babel/core@7.29.0 OK for: @vitejs/plugin-react@4.7.0 want: ^7.28.0
560 silly placeDep ROOT @babel/plugin-transform-react-jsx-self@7.27.1 OK for: @vitejs/plugin-react@4.7.0 want: ^7.27.1
561 silly placeDep ROOT @babel/plugin-transform-react-jsx-source@7.27.1 OK for: @vitejs/plugin-react@4.7.0 want: ^7.27.1
562 silly placeDep ROOT @rolldown/pluginutils@1.0.0-beta.27 OK for: @vitejs/plugin-react@4.7.0 want: 1.0.0-beta.27
563 silly placeDep ROOT @types/babel__core@7.20.5 OK for: @vitejs/plugin-react@4.7.0 want: ^7.20.5
564 silly placeDep ROOT react-refresh@0.17.0 OK for: @vitejs/plugin-react@4.7.0 want: ^0.17.0
565 silly fetch manifest debug@^4.1.0
566 silly packumentCache full:https://registry.npmjs.org/debug cache-miss
567 silly fetch manifest json5@^2.2.3
568 silly packumentCache full:https://registry.npmjs.org/json5 cache-miss
569 silly fetch manifest semver@^6.3.1
570 silly packumentCache full:https://registry.npmjs.org/semver cache-miss
571 silly fetch manifest gensync@^1.0.0-beta.2
572 silly packumentCache full:https://registry.npmjs.org/gensync cache-miss
573 silly fetch manifest @babel/types@^7.29.0
574 silly packumentCache full:https://registry.npmjs.org/@babel%2ftypes cache-miss
575 silly fetch manifest @babel/parser@^7.29.0
576 silly packumentCache full:https://registry.npmjs.org/@babel%2fparser cache-miss
577 silly fetch manifest @babel/helpers@^7.28.6
578 silly packumentCache full:https://registry.npmjs.org/@babel%2fhelpers cache-miss
579 silly fetch manifest @babel/template@^7.28.6
580 silly packumentCache full:https://registry.npmjs.org/@babel%2ftemplate cache-miss
581 silly fetch manifest @babel/traverse@^7.29.0
582 silly packumentCache full:https://registry.npmjs.org/@babel%2ftraverse cache-miss
583 silly fetch manifest @babel/generator@^7.29.0
584 silly packumentCache full:https://registry.npmjs.org/@babel%2fgenerator cache-miss
585 silly fetch manifest @babel/code-frame@^7.29.0
586 silly packumentCache full:https://registry.npmjs.org/@babel%2fcode-frame cache-miss
587 silly fetch manifest convert-source-map@^2.0.0
588 silly packumentCache full:https://registry.npmjs.org/convert-source-map cache-miss
589 silly fetch manifest @jridgewell/remapping@^2.3.5
590 silly packumentCache full:https://registry.npmjs.org/@jridgewell%2fremapping cache-miss
591 silly fetch manifest @babel/helper-module-transforms@^7.28.6
592 silly packumentCache full:https://registry.npmjs.org/@babel%2fhelper-module-transforms cache-miss
593 silly fetch manifest @babel/helper-compilation-targets@^7.28.6
594 silly packumentCache full:https://registry.npmjs.org/@babel%2fhelper-compilation-targets cache-miss
595 http fetch GET 200 https://registry.npmjs.org/gensync 115ms (cache miss)
596 silly packumentCache full:https://registry.npmjs.org/gensync set size:undefined disposed:false
597 silly fetch manifest @babel/helper-plugin-utils@^7.27.1
598 silly packumentCache full:https://registry.npmjs.org/@babel%2fhelper-plugin-utils cache-miss
599 http fetch GET 200 https://registry.npmjs.org/json5 117ms (cache miss)
600 silly packumentCache full:https://registry.npmjs.org/json5 set size:undefined disposed:false
601 silly fetch manifest @babel/helper-plugin-utils@^7.27.1
602 silly packumentCache full:https://registry.npmjs.org/@babel%2fhelper-plugin-utils cache-miss
603 http fetch GET 200 https://registry.npmjs.org/convert-source-map 123ms (cache miss)
604 silly packumentCache full:https://registry.npmjs.org/convert-source-map set size:undefined disposed:false
605 silly fetch manifest @babel/types@^7.20.7
606 silly packumentCache full:https://registry.npmjs.org/@babel%2ftypes cache-miss
607 http fetch GET 200 https://registry.npmjs.org/semver 130ms (cache miss)
608 silly packumentCache full:https://registry.npmjs.org/semver set size:undefined disposed:false
609 silly fetch manifest @babel/parser@^7.20.7
610 silly packumentCache full:https://registry.npmjs.org/@babel%2fparser cache-miss
611 http fetch GET 200 https://registry.npmjs.org/debug 139ms (cache miss)
612 silly packumentCache full:https://registry.npmjs.org/debug set size:undefined disposed:false
613 silly fetch manifest @types/babel__template@*
614 silly packumentCache full:https://registry.npmjs.org/@types%2fbabel__template cache-miss
615 http fetch GET 200 https://registry.npmjs.org/@jridgewell%2fremapping 150ms (cache miss)
616 silly packumentCache full:https://registry.npmjs.org/@jridgewell%2fremapping set size:undefined disposed:false
617 silly fetch manifest @types/babel__traverse@*
618 silly packumentCache full:https://registry.npmjs.org/@types%2fbabel__traverse cache-miss
619 http fetch GET 200 https://registry.npmjs.org/@babel%2fhelper-compilation-targets 153ms (cache miss)
620 silly packumentCache full:https://registry.npmjs.org/@babel%2fhelper-compilation-targets set size:undefined disposed:false
621 silly fetch manifest @types/babel__generator@*
622 silly packumentCache full:https://registry.npmjs.org/@types%2fbabel__generator cache-miss
623 http fetch GET 200 https://registry.npmjs.org/@babel%2fcode-frame 157ms (cache miss)
624 silly packumentCache full:https://registry.npmjs.org/@babel%2fcode-frame set size:undefined disposed:false
625 http fetch GET 200 https://registry.npmjs.org/@babel%2fparser 163ms (cache miss)
626 silly packumentCache full:https://registry.npmjs.org/@babel%2fparser set size:undefined disposed:false
627 http fetch GET 200 https://registry.npmjs.org/@babel%2ftypes 170ms (cache miss)
628 silly packumentCache full:https://registry.npmjs.org/@babel%2ftypes set size:undefined disposed:false
629 http fetch GET 200 https://registry.npmjs.org/@babel%2fhelper-module-transforms 177ms (cache miss)
630 silly packumentCache full:https://registry.npmjs.org/@babel%2fhelper-module-transforms set size:undefined disposed:false
631 http fetch GET 200 https://registry.npmjs.org/@babel%2ftemplate 182ms (cache miss)
632 silly packumentCache full:https://registry.npmjs.org/@babel%2ftemplate set size:undefined disposed:false
633 http fetch GET 200 https://registry.npmjs.org/@babel%2ftraverse 185ms (cache miss)
634 silly packumentCache full:https://registry.npmjs.org/@babel%2ftraverse set size:undefined disposed:false
635 http fetch GET 200 https://registry.npmjs.org/@babel%2fgenerator 188ms (cache miss)
636 silly packumentCache full:https://registry.npmjs.org/@babel%2fgenerator set size:undefined disposed:false
637 http fetch GET 200 https://registry.npmjs.org/@babel%2fhelpers 251ms (cache miss)
638 silly packumentCache full:https://registry.npmjs.org/@babel%2fhelpers set size:undefined disposed:false
639 http fetch GET 200 https://registry.npmjs.org/@types%2fbabel__template 121ms (cache miss)
640 silly packumentCache full:https://registry.npmjs.org/@types%2fbabel__template set size:undefined disposed:false
641 http fetch GET 200 https://registry.npmjs.org/@types%2fbabel__generator 121ms (cache miss)
642 silly packumentCache full:https://registry.npmjs.org/@types%2fbabel__generator set size:undefined disposed:false
643 http fetch GET 200 https://registry.npmjs.org/@babel%2fparser 152ms (cache miss)
644 silly packumentCache full:https://registry.npmjs.org/@babel%2fparser set size:undefined disposed:false
645 http fetch GET 200 https://registry.npmjs.org/@types%2fbabel__traverse 140ms (cache miss)
646 silly packumentCache full:https://registry.npmjs.org/@types%2fbabel__traverse set size:undefined disposed:false
647 http fetch GET 200 https://registry.npmjs.org/@babel%2ftypes 166ms (cache miss)
648 silly packumentCache full:https://registry.npmjs.org/@babel%2ftypes set size:undefined disposed:false
649 http fetch GET 200 https://registry.npmjs.org/@babel%2fhelper-plugin-utils 257ms (cache miss)
650 silly packumentCache full:https://registry.npmjs.org/@babel%2fhelper-plugin-utils set size:undefined disposed:false
651 http fetch GET 200 https://registry.npmjs.org/@babel%2fhelper-plugin-utils 285ms (cache miss)
652 silly packumentCache full:https://registry.npmjs.org/@babel%2fhelper-plugin-utils set size:undefined disposed:false
653 silly fetch manifest @babel/core@^7.0.0
654 silly packumentCache full:https://registry.npmjs.org/@babel%2fcore cache-miss
655 http cache https://registry.npmjs.org/@babel%2fcore 5ms (cache hit)
656 silly packumentCache full:https://registry.npmjs.org/@babel%2fcore set size:768033 disposed:false
657 silly placeDep ROOT @babel/code-frame@7.29.0 OK for: @babel/core@7.29.0 want: ^7.29.0
658 silly placeDep ROOT @babel/generator@7.29.1 OK for: @babel/core@7.29.0 want: ^7.29.0
659 silly placeDep ROOT @babel/helper-compilation-targets@7.28.6 OK for: @babel/core@7.29.0 want: ^7.28.6
660 silly placeDep ROOT @babel/helper-module-transforms@7.28.6 OK for: @babel/core@7.29.0 want: ^7.28.6
661 silly placeDep ROOT @babel/helpers@7.29.2 OK for: @babel/core@7.29.0 want: ^7.28.6
662 silly placeDep ROOT @babel/parser@7.29.3 OK for: @babel/core@7.29.0 want: ^7.29.0
663 silly placeDep ROOT @babel/template@7.28.6 OK for: @babel/core@7.29.0 want: ^7.28.6
664 silly placeDep ROOT @babel/traverse@7.29.0 OK for: @babel/core@7.29.0 want: ^7.29.0
665 silly placeDep ROOT @babel/types@7.29.0 OK for: @babel/core@7.29.0 want: ^7.29.0
666 silly placeDep ROOT @jridgewell/remapping@2.3.5 OK for: @babel/core@7.29.0 want: ^2.3.5
667 silly placeDep ROOT convert-source-map@2.0.0 OK for: @babel/core@7.29.0 want: ^2.0.0
668 silly placeDep ROOT debug@4.4.3 OK for: @babel/core@7.29.0 want: ^4.1.0
669 silly placeDep ROOT gensync@1.0.0-beta.2 OK for: @babel/core@7.29.0 want: ^1.0.0-beta.2
670 silly placeDep ROOT json5@2.2.3 OK for: @babel/core@7.29.0 want: ^2.2.3
671 silly placeDep ROOT semver@6.3.1 OK for: @babel/core@7.29.0 want: ^6.3.1
672 silly fetch manifest js-tokens@^4.0.0
673 silly packumentCache full:https://registry.npmjs.org/js-tokens cache-miss
674 silly fetch manifest @babel/helper-validator-identifier@^7.28.5
675 silly packumentCache full:https://registry.npmjs.org/@babel%2fhelper-validator-identifier cache-miss
676 silly fetch manifest jsesc@^3.0.2
677 silly packumentCache full:https://registry.npmjs.org/jsesc cache-miss
678 silly fetch manifest @jridgewell/gen-mapping@^0.3.12
679 silly packumentCache full:https://registry.npmjs.org/@jridgewell%2fgen-mapping cache-miss
680 silly fetch manifest @jridgewell/trace-mapping@^0.3.28
681 silly packumentCache full:https://registry.npmjs.org/@jridgewell%2ftrace-mapping cache-miss
682 silly fetch manifest lru-cache@^5.1.1
683 silly packumentCache full:https://registry.npmjs.org/lru-cache cache-miss
684 silly fetch manifest browserslist@^4.24.0
685 silly packumentCache full:https://registry.npmjs.org/browserslist cache-miss
686 silly fetch manifest @babel/compat-data@^7.28.6
687 silly packumentCache full:https://registry.npmjs.org/@babel%2fcompat-data cache-miss
688 silly fetch manifest @babel/helper-validator-option@^7.27.1
689 silly packumentCache full:https://registry.npmjs.org/@babel%2fhelper-validator-option cache-miss
690 silly fetch manifest @babel/traverse@^7.28.6
691 silly packumentCache full:https://registry.npmjs.org/@babel%2ftraverse cache-miss
692 silly fetch manifest @babel/helper-module-imports@^7.28.6
693 silly packumentCache full:https://registry.npmjs.org/@babel%2fhelper-module-imports cache-miss
694 silly fetch manifest @babel/helper-validator-identifier@^7.28.5
695 silly packumentCache full:https://registry.npmjs.org/@babel%2fhelper-validator-identifier cache-miss
696 silly fetch manifest @babel/types@^7.28.6
697 silly packumentCache full:https://registry.npmjs.org/@babel%2ftypes cache-miss
698 silly fetch manifest debug@^4.3.1
699 silly packumentCache full:https://registry.npmjs.org/debug cache-miss
700 silly fetch manifest @babel/helper-globals@^7.28.0
701 silly packumentCache full:https://registry.npmjs.org/@babel%2fhelper-globals cache-miss
702 http cache https://registry.npmjs.org/browserslist 11ms (cache hit)
703 silly packumentCache full:https://registry.npmjs.org/browserslist set size:504681 disposed:false
704 silly fetch manifest @babel/helper-string-parser@^7.27.1
705 silly packumentCache full:https://registry.npmjs.org/@babel%2fhelper-string-parser cache-miss
706 http cache https://registry.npmjs.org/debug 12ms (cache hit)
707 silly packumentCache full:https://registry.npmjs.org/debug set size:195840 disposed:false
708 silly fetch manifest @babel/helper-validator-identifier@^7.28.5
709 silly packumentCache full:https://registry.npmjs.org/@babel%2fhelper-validator-identifier cache-miss
710 http cache https://registry.npmjs.org/@babel%2ftypes 15ms (cache hit)
711 silly packumentCache full:https://registry.npmjs.org/@babel%2ftypes set size:491978 disposed:false
712 silly fetch manifest @jridgewell/gen-mapping@^0.3.5
713 silly packumentCache full:https://registry.npmjs.org/@jridgewell%2fgen-mapping cache-miss
714 http cache https://registry.npmjs.org/@babel%2ftraverse 19ms (cache hit)
715 silly packumentCache full:https://registry.npmjs.org/@babel%2ftraverse set size:553169 disposed:false
716 silly fetch manifest @jridgewell/trace-mapping@^0.3.24
717 silly packumentCache full:https://registry.npmjs.org/@jridgewell%2ftrace-mapping cache-miss
718 http fetch GET 200 https://registry.npmjs.org/js-tokens 115ms (cache miss)
719 silly packumentCache full:https://registry.npmjs.org/js-tokens set size:undefined disposed:false
720 silly fetch manifest ms@^2.1.3
721 silly packumentCache full:https://registry.npmjs.org/ms cache-miss
722 http fetch GET 200 https://registry.npmjs.org/jsesc 121ms (cache miss)
723 silly packumentCache full:https://registry.npmjs.org/jsesc set size:undefined disposed:false
724 http fetch GET 200 https://registry.npmjs.org/@babel%2fhelper-globals 122ms (cache miss)
725 silly packumentCache full:https://registry.npmjs.org/@babel%2fhelper-globals set size:undefined disposed:false
726 http fetch GET 200 https://registry.npmjs.org/@babel%2fhelper-validator-identifier 124ms (cache miss)
727 silly packumentCache full:https://registry.npmjs.org/@babel%2fhelper-validator-identifier set size:undefined disposed:false
728 http fetch GET 200 https://registry.npmjs.org/@babel%2fhelper-validator-identifier 136ms (cache miss)
729 silly packumentCache full:https://registry.npmjs.org/@babel%2fhelper-validator-identifier set size:undefined disposed:false
730 http fetch GET 200 https://registry.npmjs.org/@babel%2fhelper-module-imports 143ms (cache miss)
731 silly packumentCache full:https://registry.npmjs.org/@babel%2fhelper-module-imports set size:undefined disposed:false
732 http fetch GET 200 https://registry.npmjs.org/@jridgewell%2fgen-mapping 127ms (cache miss)
733 silly packumentCache full:https://registry.npmjs.org/@jridgewell%2fgen-mapping set size:undefined disposed:false
734 http fetch GET 200 https://registry.npmjs.org/@babel%2fhelper-validator-option 147ms (cache miss)
735 silly packumentCache full:https://registry.npmjs.org/@babel%2fhelper-validator-option set size:undefined disposed:false
736 http fetch GET 200 https://registry.npmjs.org/@jridgewell%2fgen-mapping 149ms (cache miss)
737 silly packumentCache full:https://registry.npmjs.org/@jridgewell%2fgen-mapping set size:undefined disposed:false
738 http fetch GET 200 https://registry.npmjs.org/@babel%2fhelper-string-parser 136ms (cache miss)
739 silly packumentCache full:https://registry.npmjs.org/@babel%2fhelper-string-parser set size:undefined disposed:false
740 http fetch GET 200 https://registry.npmjs.org/lru-cache 152ms (cache miss)
741 silly packumentCache full:https://registry.npmjs.org/lru-cache set size:undefined disposed:false
742 http fetch GET 200 https://registry.npmjs.org/@babel%2fhelper-validator-identifier 141ms (cache miss)
743 silly packumentCache full:https://registry.npmjs.org/@babel%2fhelper-validator-identifier set size:undefined disposed:false
744 http fetch GET 200 https://registry.npmjs.org/@babel%2fcompat-data 159ms (cache miss)
745 silly packumentCache full:https://registry.npmjs.org/@babel%2fcompat-data set size:undefined disposed:false
746 http fetch GET 200 https://registry.npmjs.org/ms 110ms (cache miss)
747 silly packumentCache full:https://registry.npmjs.org/ms set size:undefined disposed:false
748 http fetch GET 200 https://registry.npmjs.org/@jridgewell%2ftrace-mapping 295ms (cache miss)
749 silly packumentCache full:https://registry.npmjs.org/@jridgewell%2ftrace-mapping set size:undefined disposed:false
750 http fetch GET 200 https://registry.npmjs.org/@jridgewell%2ftrace-mapping 281ms (cache miss)
751 silly packumentCache full:https://registry.npmjs.org/@jridgewell%2ftrace-mapping set size:undefined disposed:false
752 silly placeDep ROOT @babel/helper-validator-identifier@7.28.5 OK for: @babel/code-frame@7.29.0 want: ^7.28.5
753 silly placeDep ROOT js-tokens@4.0.0 OK for: @babel/code-frame@7.29.0 want: ^4.0.0
754 silly placeDep ROOT picocolors@1.1.1 OK for: @babel/code-frame@7.29.0 want: ^1.1.1
755 silly placeDep ROOT @jridgewell/gen-mapping@0.3.13 OK for: @babel/generator@7.29.1 want: ^0.3.12
756 silly placeDep ROOT @jridgewell/trace-mapping@0.3.31 OK for: @babel/generator@7.29.1 want: ^0.3.28
757 silly placeDep ROOT jsesc@3.1.0 OK for: @babel/generator@7.29.1 want: ^3.0.2
758 silly fetch manifest @jridgewell/sourcemap-codec@^1.5.0
759 silly packumentCache full:https://registry.npmjs.org/@jridgewell%2fsourcemap-codec cache-miss
760 silly fetch manifest @jridgewell/resolve-uri@^3.1.0
761 silly packumentCache full:https://registry.npmjs.org/@jridgewell%2fresolve-uri cache-miss
762 silly fetch manifest @jridgewell/sourcemap-codec@^1.4.14
763 silly packumentCache full:https://registry.npmjs.org/@jridgewell%2fsourcemap-codec cache-miss
764 http fetch GET 200 https://registry.npmjs.org/@jridgewell%2fresolve-uri 125ms (cache miss)
765 silly packumentCache full:https://registry.npmjs.org/@jridgewell%2fresolve-uri set size:undefined disposed:false
766 http fetch GET 200 https://registry.npmjs.org/@jridgewell%2fsourcemap-codec 126ms (cache miss)
767 silly packumentCache full:https://registry.npmjs.org/@jridgewell%2fsourcemap-codec set size:undefined disposed:false
768 http fetch GET 200 https://registry.npmjs.org/@jridgewell%2fsourcemap-codec 127ms (cache miss)
769 silly packumentCache full:https://registry.npmjs.org/@jridgewell%2fsourcemap-codec set size:undefined disposed:false
770 silly placeDep ROOT @babel/compat-data@7.29.3 OK for: @babel/helper-compilation-targets@7.28.6 want: ^7.28.6
771 silly placeDep ROOT @babel/helper-validator-option@7.27.1 OK for: @babel/helper-compilation-targets@7.28.6 want: ^7.27.1
772 silly placeDep ROOT browserslist@4.28.2 OK for: @babel/helper-compilation-targets@7.28.6 want: ^4.24.0
773 silly placeDep ROOT lru-cache@5.1.1 OK for: @babel/helper-compilation-targets@7.28.6 want: ^5.1.1
774 silly fetch manifest baseline-browser-mapping@^2.10.12
775 silly packumentCache full:https://registry.npmjs.org/baseline-browser-mapping cache-miss
776 silly fetch manifest caniuse-lite@^1.0.30001782
777 silly packumentCache full:https://registry.npmjs.org/caniuse-lite cache-miss
778 silly fetch manifest electron-to-chromium@^1.5.328
779 silly packumentCache full:https://registry.npmjs.org/electron-to-chromium cache-miss
780 silly fetch manifest node-releases@^2.0.36
781 silly packumentCache full:https://registry.npmjs.org/node-releases cache-miss
782 silly fetch manifest update-browserslist-db@^1.2.3
783 silly packumentCache full:https://registry.npmjs.org/update-browserslist-db cache-miss
784 silly fetch manifest yallist@^3.0.2
785 silly packumentCache full:https://registry.npmjs.org/yallist cache-miss
786 http cache https://registry.npmjs.org/caniuse-lite 8ms (cache hit)
787 silly packumentCache full:https://registry.npmjs.org/caniuse-lite set size:2293068 disposed:false
788 http fetch GET 200 https://registry.npmjs.org/update-browserslist-db 106ms (cache miss)
789 silly packumentCache full:https://registry.npmjs.org/update-browserslist-db set size:undefined disposed:false
790 http fetch GET 200 https://registry.npmjs.org/yallist 108ms (cache miss)
791 silly packumentCache full:https://registry.npmjs.org/yallist set size:undefined disposed:false
792 http fetch GET 200 https://registry.npmjs.org/node-releases 121ms (cache miss)
793 silly packumentCache full:https://registry.npmjs.org/node-releases set size:undefined disposed:false
794 http fetch GET 200 https://registry.npmjs.org/baseline-browser-mapping 130ms (cache miss)
795 silly packumentCache full:https://registry.npmjs.org/baseline-browser-mapping set size:undefined disposed:false
796 http fetch GET 200 https://registry.npmjs.org/electron-to-chromium 408ms (cache miss)
797 silly packumentCache full:https://registry.npmjs.org/electron-to-chromium set size:undefined disposed:false
798 silly placeDep ROOT @babel/helper-module-imports@7.28.6 OK for: @babel/helper-module-transforms@7.28.6 want: ^7.28.6
799 silly placeDep ROOT @babel/helper-plugin-utils@7.28.6 OK for: @babel/plugin-transform-react-jsx-self@7.27.1 want: ^7.27.1
800 silly placeDep ROOT @babel/helper-globals@7.28.0 OK for: @babel/traverse@7.29.0 want: ^7.28.0
801 silly placeDep ROOT @babel/helper-string-parser@7.27.1 OK for: @babel/types@7.29.0 want: ^7.27.1
802 silly placeDep ROOT @jridgewell/sourcemap-codec@1.5.5 OK for: @jridgewell/gen-mapping@0.3.13 want: ^1.5.0
803 silly placeDep ROOT @jridgewell/resolve-uri@3.1.2 OK for: @jridgewell/trace-mapping@0.3.31 want: ^3.1.0
804 silly placeDep ROOT @types/babel__generator@7.27.0 OK for: @types/babel__core@7.20.5 want: *
805 silly placeDep ROOT @types/babel__template@7.4.4 OK for: @types/babel__core@7.20.5 want: *
806 silly placeDep ROOT @types/babel__traverse@7.28.0 OK for: @types/babel__core@7.20.5 want: *
807 silly fetch manifest react@>=16.9.0
808 silly packumentCache full:https://registry.npmjs.org/react cache-miss
809 http cache https://registry.npmjs.org/react 14ms (cache hit)
810 silly packumentCache full:https://registry.npmjs.org/react set size:6650647 disposed:false
811 silly fetch manifest react-dom@>=16.9.0
812 silly packumentCache full:https://registry.npmjs.org/react-dom cache-miss
813 http cache https://registry.npmjs.org/react-dom 14ms (cache hit)
814 silly packumentCache full:https://registry.npmjs.org/react-dom set size:8868827 disposed:false
815 silly fetch manifest date-fns@>= 2.x
816 silly packumentCache full:https://registry.npmjs.org/date-fns cache-miss
817 http fetch GET 200 https://registry.npmjs.org/date-fns 646ms (cache miss)
818 silly packumentCache full:https://registry.npmjs.org/date-fns set size:undefined disposed:false
819 silly fetch manifest luxon@>= 3.x
820 silly packumentCache full:https://registry.npmjs.org/luxon cache-miss
821 http fetch GET 200 https://registry.npmjs.org/luxon 137ms (cache miss)
822 silly packumentCache full:https://registry.npmjs.org/luxon set size:undefined disposed:false
823 silly fetch manifest moment@>= 2.x
824 silly packumentCache full:https://registry.npmjs.org/moment cache-miss
825 http fetch GET 200 https://registry.npmjs.org/moment 120ms (cache miss)
826 silly packumentCache full:https://registry.npmjs.org/moment set size:undefined disposed:false
827 silly placeDep ROOT @ant-design/cssinjs@1.24.0 OK for: antd@5.29.3 want: ^1.23.0
828 silly placeDep ROOT @ant-design/cssinjs-utils@1.1.3 OK for: antd@5.29.3 want: ^1.1.3
829 silly placeDep ROOT @ant-design/react-slick@1.1.2 OK for: antd@5.29.3 want: ~1.1.2
830 silly placeDep ROOT @rc-component/color-picker@2.0.1 OK for: antd@5.29.3 want: ~2.0.1
831 silly placeDep ROOT @rc-component/mutate-observer@1.1.0 OK for: antd@5.29.3 want: ^1.1.0
832 silly placeDep ROOT @rc-component/qrcode@1.1.1 OK for: antd@5.29.3 want: ~1.1.0
833 silly placeDep ROOT @rc-component/tour@1.15.1 OK for: antd@5.29.3 want: ~1.15.1
834 silly placeDep ROOT @rc-component/trigger@2.3.1 OK for: antd@5.29.3 want: ^2.3.0
835 silly placeDep ROOT copy-to-clipboard@3.3.3 OK for: antd@5.29.3 want: ^3.3.3
836 silly placeDep ROOT rc-cascader@3.34.0 OK for: antd@5.29.3 want: ~3.34.0
837 silly placeDep ROOT rc-checkbox@3.5.0 OK for: antd@5.29.3 want: ~3.5.0
838 silly placeDep ROOT rc-collapse@3.9.0 OK for: antd@5.29.3 want: ~3.9.0
839 silly placeDep ROOT rc-dialog@9.6.0 OK for: antd@5.29.3 want: ~9.6.0
840 silly placeDep ROOT rc-drawer@7.3.0 OK for: antd@5.29.3 want: ~7.3.0
841 silly placeDep ROOT rc-dropdown@4.2.1 OK for: antd@5.29.3 want: ~4.2.1
842 silly placeDep ROOT rc-field-form@2.7.1 OK for: antd@5.29.3 want: ~2.7.1
843 silly placeDep ROOT rc-image@7.12.0 OK for: antd@5.29.3 want: ~7.12.0
844 silly placeDep ROOT rc-input@1.8.0 OK for: antd@5.29.3 want: ~1.8.0
845 silly placeDep ROOT rc-input-number@9.5.0 OK for: antd@5.29.3 want: ~9.5.0
846 silly placeDep ROOT rc-mentions@2.20.0 OK for: antd@5.29.3 want: ~2.20.0
847 silly placeDep ROOT rc-menu@9.16.1 OK for: antd@5.29.3 want: ~9.16.1
848 silly placeDep ROOT rc-motion@2.9.5 OK for: antd@5.29.3 want: ^2.9.5
849 silly placeDep ROOT rc-notification@5.6.4 OK for: antd@5.29.3 want: ~5.6.4
850 silly placeDep ROOT rc-pagination@5.1.0 OK for: antd@5.29.3 want: ~5.1.0
851 silly placeDep ROOT rc-picker@4.11.3 OK for: antd@5.29.3 want: ~4.11.3
852 silly placeDep ROOT rc-progress@4.0.0 OK for: antd@5.29.3 want: ~4.0.0
853 silly placeDep ROOT rc-rate@2.13.1 OK for: antd@5.29.3 want: ~2.13.1
854 silly placeDep ROOT rc-resize-observer@1.4.3 OK for: antd@5.29.3 want: ^1.4.3
855 silly placeDep ROOT rc-segmented@2.7.1 OK for: antd@5.29.3 want: ~2.7.0
856 silly placeDep ROOT rc-select@14.16.8 OK for: antd@5.29.3 want: ~14.16.8
857 silly placeDep ROOT rc-slider@11.1.9 OK for: antd@5.29.3 want: ~11.1.9
858 silly placeDep ROOT rc-steps@6.0.1 OK for: antd@5.29.3 want: ~6.0.1
859 silly placeDep ROOT rc-switch@4.1.0 OK for: antd@5.29.3 want: ~4.1.0
860 silly placeDep ROOT rc-table@7.54.0 OK for: antd@5.29.3 want: ~7.54.0
861 silly placeDep ROOT rc-tabs@15.7.0 OK for: antd@5.29.3 want: ~15.7.0
862 silly placeDep ROOT rc-textarea@1.10.2 OK for: antd@5.29.3 want: ~1.10.2
863 silly placeDep ROOT rc-tooltip@6.4.0 OK for: antd@5.29.3 want: ~6.4.0
864 silly placeDep ROOT rc-tree@5.13.1 OK for: antd@5.29.3 want: ~5.13.1
865 silly placeDep ROOT rc-tree-select@5.27.0 OK for: antd@5.29.3 want: ~5.27.0
866 silly placeDep ROOT rc-upload@4.11.0 OK for: antd@5.29.3 want: ~4.11.0
867 silly placeDep ROOT scroll-into-view-if-needed@3.1.0 OK for: antd@5.29.3 want: ^3.1.0
868 silly placeDep ROOT throttle-debounce@5.0.2 OK for: antd@5.29.3 want: ^5.0.2
869 silly fetch manifest stylis@^4.3.4
870 silly packumentCache full:https://registry.npmjs.org/stylis cache-miss
871 silly fetch manifest @emotion/hash@^0.8.0
872 silly packumentCache full:https://registry.npmjs.org/@emotion%2fhash cache-miss
873 silly fetch manifest @emotion/unitless@^0.7.5
874 silly packumentCache full:https://registry.npmjs.org/@emotion%2funitless cache-miss
875 silly fetch manifest json2mq@^0.2.0
876 silly packumentCache full:https://registry.npmjs.org/json2mq cache-miss
877 silly fetch manifest throttle-debounce@^5.0.0
878 silly packumentCache full:https://registry.npmjs.org/throttle-debounce cache-miss
879 silly fetch manifest resize-observer-polyfill@^1.5.1
880 silly packumentCache full:https://registry.npmjs.org/resize-observer-polyfill cache-miss
881 silly fetch manifest @rc-component/portal@^1.0.0-9
882 silly packumentCache full:https://registry.npmjs.org/@rc-component%2fportal cache-miss
883 silly fetch manifest @rc-component/trigger@^2.0.0
884 silly packumentCache full:https://registry.npmjs.org/@rc-component%2ftrigger cache-miss
885 silly fetch manifest rc-motion@^2.0.0
886 silly packumentCache full:https://registry.npmjs.org/rc-motion cache-miss
887 silly fetch manifest rc-resize-observer@^1.3.1
888 silly packumentCache full:https://registry.npmjs.org/rc-resize-observer cache-miss
889 silly fetch manifest @rc-component/portal@^1.1.0
890 silly packumentCache full:https://registry.npmjs.org/@rc-component%2fportal cache-miss
891 silly fetch manifest toggle-selection@^1.0.6
892 silly packumentCache full:https://registry.npmjs.org/toggle-selection cache-miss
893 silly fetch manifest rc-select@~14.16.2
894 silly packumentCache full:https://registry.npmjs.org/rc-select cache-miss
895 silly fetch manifest rc-tree@~5.13.0
896 silly packumentCache full:https://registry.npmjs.org/rc-tree cache-miss
897 silly fetch manifest rc-motion@^2.3.4
898 silly packumentCache full:https://registry.npmjs.org/rc-motion cache-miss
899 http cache https://registry.npmjs.org/rc-select 10ms (cache hit)
900 silly packumentCache full:https://registry.npmjs.org/rc-select set size:1467934 disposed:false
901 silly fetch manifest rc-motion@^2.3.0
902 silly packumentCache full:https://registry.npmjs.org/rc-motion cache-miss
903 http cache https://registry.npmjs.org/rc-motion 17ms (cache hit)
904 silly packumentCache full:https://registry.npmjs.org/rc-motion set size:157151 disposed:false
905 silly fetch manifest @rc-component/portal@^1.0.0-8
906 silly packumentCache full:https://registry.npmjs.org/@rc-component%2fportal cache-miss
907 http cache https://registry.npmjs.org/throttle-debounce 19ms (cache hit)
908 silly packumentCache full:https://registry.npmjs.org/throttle-debounce set size:73345 disposed:false
909 silly fetch manifest @rc-component/portal@^1.1.1
910 silly packumentCache full:https://registry.npmjs.org/@rc-component%2fportal cache-miss
911 http cache https://registry.npmjs.org/rc-resize-observer 20ms (cache hit)
912 silly packumentCache full:https://registry.npmjs.org/rc-resize-observer set size:89651 disposed:false
913 silly fetch manifest rc-motion@^2.6.1
914 silly packumentCache full:https://registry.npmjs.org/rc-motion cache-hit
915 silly fetch manifest @rc-component/async-validator@^5.0.3
916 silly packumentCache full:https://registry.npmjs.org/@rc-component%2fasync-validator cache-miss
917 http cache https://registry.npmjs.org/@rc-component%2ftrigger 23ms (cache hit)
918 silly packumentCache full:https://registry.npmjs.org/@rc-component%2ftrigger set size:380714 disposed:false
919 silly fetch manifest @rc-component/portal@^1.0.2
920 silly packumentCache full:https://registry.npmjs.org/@rc-component%2fportal cache-miss
921 http cache https://registry.npmjs.org/rc-tree 24ms (cache hit)
922 silly packumentCache full:https://registry.npmjs.org/rc-tree set size:1000896 disposed:false
923 silly fetch manifest rc-motion@^2.6.2
924 silly packumentCache full:https://registry.npmjs.org/rc-motion cache-hit
925 silly fetch manifest @rc-component/mini-decimal@^1.0.1
926 silly packumentCache full:https://registry.npmjs.org/@rc-component%2fmini-decimal cache-miss
927 http cache https://registry.npmjs.org/rc-motion 29ms (cache hit)
928 silly packumentCache full:https://registry.npmjs.org/rc-motion set size:157151 disposed:false
929 silly packumentCache full:https://registry.npmjs.org/rc-motion dispose
930 silly fetch manifest rc-menu@~9.16.0
931 silly packumentCache full:https://registry.npmjs.org/rc-menu cache-miss
932 http cache https://registry.npmjs.org/rc-motion 19ms (cache hit)
933 silly packumentCache full:https://registry.npmjs.org/rc-motion set size:157151 disposed:true
934 silly packumentCache full:https://registry.npmjs.org/rc-motion dispose
935 silly fetch manifest rc-textarea@~1.10.0
936 silly packumentCache full:https://registry.npmjs.org/rc-textarea cache-miss
937 http cache https://registry.npmjs.org/rc-menu 6ms (cache hit)
938 silly packumentCache full:https://registry.npmjs.org/rc-menu set size:868581 disposed:false
939 silly fetch manifest rc-motion@^2.4.3
940 silly packumentCache full:https://registry.npmjs.org/rc-motion cache-hit
941 silly fetch manifest rc-overflow@^1.3.1
942 silly packumentCache full:https://registry.npmjs.org/rc-overflow cache-miss
943 http cache https://registry.npmjs.org/rc-textarea 8ms (cache hit)
944 silly packumentCache full:https://registry.npmjs.org/rc-textarea set size:177138 disposed:false
945 silly fetch manifest rc-overflow@^1.3.2
946 silly packumentCache full:https://registry.npmjs.org/rc-overflow cache-miss
947 http fetch GET 200 https://registry.npmjs.org/toggle-selection 109ms (cache miss)
948 silly packumentCache full:https://registry.npmjs.org/toggle-selection set size:undefined disposed:false
949 silly fetch manifest rc-resize-observer@^1.4.0
950 silly packumentCache full:https://registry.npmjs.org/rc-resize-observer cache-hit
951 silly fetch manifest resize-observer-polyfill@^1.5.1
952 silly packumentCache full:https://registry.npmjs.org/resize-observer-polyfill cache-miss
953 http fetch GET 200 https://registry.npmjs.org/json2mq 114ms (cache miss)
954 silly packumentCache full:https://registry.npmjs.org/json2mq set size:undefined disposed:false
955 silly fetch manifest rc-overflow@^1.3.1
956 silly packumentCache full:https://registry.npmjs.org/rc-overflow cache-miss
957 http fetch GET 200 https://registry.npmjs.org/resize-observer-polyfill 115ms (cache miss)
958 silly packumentCache full:https://registry.npmjs.org/resize-observer-polyfill set size:undefined disposed:false
959 silly fetch manifest rc-virtual-list@^3.5.2
960 silly packumentCache full:https://registry.npmjs.org/rc-virtual-list cache-miss
961 http fetch GET 200 https://registry.npmjs.org/@emotion%2fhash 130ms (cache miss)
962 silly packumentCache full:https://registry.npmjs.org/@emotion%2fhash set size:undefined disposed:false
963 silly fetch manifest rc-virtual-list@^3.14.2
964 silly packumentCache full:https://registry.npmjs.org/rc-virtual-list cache-miss
965 http fetch GET 200 https://registry.npmjs.org/@rc-component%2fportal 135ms (cache miss)
966 silly packumentCache full:https://registry.npmjs.org/@rc-component%2fportal set size:undefined disposed:false
967 silly fetch manifest @rc-component/context@^1.4.0
968 silly packumentCache full:https://registry.npmjs.org/@rc-component%2fcontext cache-miss
969 http fetch GET 200 https://registry.npmjs.org/stylis 141ms (cache miss)
970 silly packumentCache full:https://registry.npmjs.org/stylis set size:undefined disposed:false
971 silly fetch manifest rc-virtual-list@^3.5.1
972 silly packumentCache full:https://registry.npmjs.org/rc-virtual-list cache-miss
973 http fetch GET 200 https://registry.npmjs.org/@rc-component%2fportal 141ms (cache miss)
974 silly packumentCache full:https://registry.npmjs.org/@rc-component%2fportal set size:undefined disposed:false
975 silly fetch manifest compute-scroll-into-view@^3.0.2
976 silly packumentCache full:https://registry.npmjs.org/compute-scroll-into-view cache-miss
977 http fetch GET 200 https://registry.npmjs.org/@rc-component%2fportal 126ms (cache miss)
978 silly packumentCache full:https://registry.npmjs.org/@rc-component%2fportal set size:undefined disposed:false
979 http fetch GET 200 https://registry.npmjs.org/@rc-component%2fportal 132ms (cache miss)
980 silly packumentCache full:https://registry.npmjs.org/@rc-component%2fportal set size:undefined disposed:false
981 http fetch GET 200 https://registry.npmjs.org/@rc-component%2fportal 130ms (cache miss)
982 silly packumentCache full:https://registry.npmjs.org/@rc-component%2fportal set size:undefined disposed:false
983 http fetch GET 200 https://registry.npmjs.org/@rc-component%2fasync-validator 133ms (cache miss)
984 silly packumentCache full:https://registry.npmjs.org/@rc-component%2fasync-validator set size:undefined disposed:false
985 http fetch GET 200 https://registry.npmjs.org/rc-overflow 117ms (cache miss)
986 silly packumentCache full:https://registry.npmjs.org/rc-overflow set size:undefined disposed:false
987 http fetch GET 200 https://registry.npmjs.org/rc-overflow 115ms (cache miss)
988 silly packumentCache full:https://registry.npmjs.org/rc-overflow set size:undefined disposed:false
989 http fetch GET 200 https://registry.npmjs.org/resize-observer-polyfill 106ms (cache miss)
990 silly packumentCache full:https://registry.npmjs.org/resize-observer-polyfill set size:undefined disposed:false
991 http fetch GET 200 https://registry.npmjs.org/rc-overflow 109ms (cache miss)
992 silly packumentCache full:https://registry.npmjs.org/rc-overflow set size:undefined disposed:false
993 http fetch GET 200 https://registry.npmjs.org/rc-virtual-list 116ms (cache miss)
994 silly packumentCache full:https://registry.npmjs.org/rc-virtual-list set size:undefined disposed:false
995 http fetch GET 200 https://registry.npmjs.org/rc-virtual-list 142ms (cache miss)
996 silly packumentCache full:https://registry.npmjs.org/rc-virtual-list set size:undefined disposed:false
997 http fetch GET 200 https://registry.npmjs.org/rc-virtual-list 128ms (cache miss)
998 silly packumentCache full:https://registry.npmjs.org/rc-virtual-list set size:undefined disposed:false
999 http fetch GET 200 https://registry.npmjs.org/@rc-component%2fcontext 133ms (cache miss)
1000 silly packumentCache full:https://registry.npmjs.org/@rc-component%2fcontext set size:undefined disposed:false
1001 http fetch GET 200 https://registry.npmjs.org/compute-scroll-into-view 130ms (cache miss)
1002 silly packumentCache full:https://registry.npmjs.org/compute-scroll-into-view set size:undefined disposed:false
1003 http fetch GET 200 https://registry.npmjs.org/@rc-component%2fmini-decimal 276ms (cache miss)
1004 silly packumentCache full:https://registry.npmjs.org/@rc-component%2fmini-decimal set size:undefined disposed:false
1005 http fetch GET 200 https://registry.npmjs.org/@emotion%2funitless 318ms (cache miss)
1006 silly packumentCache full:https://registry.npmjs.org/@emotion%2funitless set size:undefined disposed:false
1007 silly placeDep ROOT @emotion/hash@0.8.0 OK for: @ant-design/cssinjs@1.24.0 want: ^0.8.0
1008 silly placeDep ROOT @emotion/unitless@0.7.5 OK for: @ant-design/cssinjs@1.24.0 want: ^0.7.5
1009 silly placeDep ROOT stylis@4.4.0 OK for: @ant-design/cssinjs@1.24.0 want: ^4.3.4
1010 silly placeDep ROOT json2mq@0.2.0 OK for: @ant-design/react-slick@1.1.2 want: ^0.2.0
1011 silly placeDep ROOT resize-observer-polyfill@1.5.1 OK for: @ant-design/react-slick@1.1.2 want: ^1.5.1
1012 silly fetch manifest string-convert@^0.2.0
1013 silly packumentCache full:https://registry.npmjs.org/string-convert cache-miss
1014 http fetch GET 200 https://registry.npmjs.org/string-convert 103ms (cache miss)
1015 silly packumentCache full:https://registry.npmjs.org/string-convert set size:undefined disposed:false
1016 silly placeDep ROOT @rc-component/portal@1.1.2 OK for: @rc-component/tour@1.15.1 want: ^1.0.0-9
1017 silly placeDep ROOT caniuse-lite@1.0.30001793 OK for: autoprefixer@10.5.0 want: ^1.0.30001787
1018 silly placeDep ROOT fraction.js@5.3.4 OK for: autoprefixer@10.5.0 want: ^5.3.4
1019 silly placeDep ROOT postcss-value-parser@4.2.0 OK for: autoprefixer@10.5.0 want: ^4.2.0
1020 silly placeDep ROOT follow-redirects@1.16.0 OK for: axios@1.16.1 want: ^1.16.0
1021 silly placeDep ROOT form-data@4.0.5 OK for: axios@1.16.1 want: ^4.0.5
1022 silly placeDep ROOT https-proxy-agent@5.0.1 OK for: axios@1.16.1 want: ^5.0.1
1023 silly placeDep ROOT proxy-from-env@2.1.0 OK for: axios@1.16.1 want: ^2.1.0
1024 silly fetch manifest asynckit@^0.4.0
1025 silly packumentCache full:https://registry.npmjs.org/asynckit cache-miss
1026 silly fetch manifest combined-stream@^1.0.8
1027 silly packumentCache full:https://registry.npmjs.org/combined-stream cache-miss
1028 silly fetch manifest es-set-tostringtag@^2.1.0
1029 silly packumentCache full:https://registry.npmjs.org/es-set-tostringtag cache-miss
1030 silly fetch manifest hasown@^2.0.2
1031 silly packumentCache full:https://registry.npmjs.org/hasown cache-miss
1032 silly fetch manifest mime-types@^2.1.12
1033 silly packumentCache full:https://registry.npmjs.org/mime-types cache-miss
1034 silly fetch manifest agent-base@6
1035 silly packumentCache full:https://registry.npmjs.org/agent-base cache-miss
1036 http fetch GET 200 https://registry.npmjs.org/es-set-tostringtag 106ms (cache miss)
1037 silly packumentCache full:https://registry.npmjs.org/es-set-tostringtag set size:undefined disposed:false
1038 http fetch GET 200 https://registry.npmjs.org/hasown 109ms (cache miss)
1039 silly packumentCache full:https://registry.npmjs.org/hasown set size:undefined disposed:false
1040 http fetch GET 200 https://registry.npmjs.org/asynckit 111ms (cache miss)
1041 silly packumentCache full:https://registry.npmjs.org/asynckit set size:undefined disposed:false
1042 http fetch GET 200 https://registry.npmjs.org/agent-base 111ms (cache miss)
1043 silly packumentCache full:https://registry.npmjs.org/agent-base set size:undefined disposed:false
1044 http fetch GET 200 https://registry.npmjs.org/combined-stream 117ms (cache miss)
1045 silly packumentCache full:https://registry.npmjs.org/combined-stream set size:undefined disposed:false
1046 http fetch GET 200 https://registry.npmjs.org/mime-types 120ms (cache miss)
1047 silly packumentCache full:https://registry.npmjs.org/mime-types set size:undefined disposed:false
1048 silly fetch manifest browserslist@>= 4.21.0
1049 silly packumentCache full:https://registry.npmjs.org/browserslist cache-hit
1050 silly placeDep ROOT baseline-browser-mapping@2.10.32 OK for: browserslist@4.28.2 want: ^2.10.12
1051 silly placeDep ROOT electron-to-chromium@1.5.361 OK for: browserslist@4.28.2 want: ^1.5.328
1052 silly placeDep ROOT node-releases@2.0.46 OK for: browserslist@4.28.2 want: ^2.0.36
1053 silly placeDep ROOT update-browserslist-db@1.2.3 OK for: browserslist@4.28.2 want: ^1.2.3
1054 silly fetch manifest escalade@^3.2.0
1055 silly packumentCache full:https://registry.npmjs.org/escalade cache-miss
1056 http fetch GET 200 https://registry.npmjs.org/escalade 129ms (cache miss)
1057 silly packumentCache full:https://registry.npmjs.org/escalade set size:undefined disposed:false
1058 silly placeDep ROOT toggle-selection@1.0.6 OK for: copy-to-clipboard@3.3.3 want: ^1.0.6
1059 silly placeDep ROOT ms@2.1.3 OK for: debug@4.4.3 want: ^2.1.3
1060 silly placeDep ROOT asynckit@0.4.0 OK for: form-data@4.0.5 want: ^0.4.0
1061 silly placeDep ROOT combined-stream@1.0.8 OK for: form-data@4.0.5 want: ^1.0.8
1062 silly placeDep ROOT es-set-tostringtag@2.1.0 OK for: form-data@4.0.5 want: ^2.1.0
1063 silly placeDep ROOT hasown@2.0.3 OK for: form-data@4.0.5 want: ^2.0.2
1064 silly placeDep ROOT mime-types@2.1.35 OK for: form-data@4.0.5 want: ^2.1.12
1065 silly fetch manifest delayed-stream@~1.0.0
1066 silly packumentCache full:https://registry.npmjs.org/delayed-stream cache-miss
1067 silly fetch manifest es-errors@^1.3.0
1068 silly packumentCache full:https://registry.npmjs.org/es-errors cache-miss
1069 silly fetch manifest get-intrinsic@^1.2.6
1070 silly packumentCache full:https://registry.npmjs.org/get-intrinsic cache-miss
1071 silly fetch manifest has-tostringtag@^1.0.2
1072 silly packumentCache full:https://registry.npmjs.org/has-tostringtag cache-miss
1073 silly fetch manifest function-bind@^1.1.2
1074 silly packumentCache full:https://registry.npmjs.org/function-bind cache-miss
1075 silly fetch manifest mime-db@1.52.0
1076 silly packumentCache full:https://registry.npmjs.org/mime-db cache-miss
1077 http fetch GET 200 https://registry.npmjs.org/delayed-stream 103ms (cache miss)
1078 silly packumentCache full:https://registry.npmjs.org/delayed-stream set size:undefined disposed:false
1079 http fetch GET 200 https://registry.npmjs.org/get-intrinsic 107ms (cache miss)
1080 silly packumentCache full:https://registry.npmjs.org/get-intrinsic set size:undefined disposed:false
1081 http fetch GET 200 https://registry.npmjs.org/es-errors 109ms (cache miss)
1082 silly packumentCache full:https://registry.npmjs.org/es-errors set size:undefined disposed:false
1083 http fetch GET 200 https://registry.npmjs.org/has-tostringtag 112ms (cache miss)
1084 silly packumentCache full:https://registry.npmjs.org/has-tostringtag set size:undefined disposed:false
1085 http fetch GET 200 https://registry.npmjs.org/mime-db 122ms (cache miss)
1086 silly packumentCache full:https://registry.npmjs.org/mime-db set size:undefined disposed:false
1087 http fetch GET 200 https://registry.npmjs.org/function-bind 124ms (cache miss)
1088 silly packumentCache full:https://registry.npmjs.org/function-bind set size:undefined disposed:false
1089 silly placeDep ROOT delayed-stream@1.0.0 OK for: combined-stream@1.0.8 want: ~1.0.0
1090 silly placeDep ROOT es-errors@1.3.0 OK for: es-set-tostringtag@2.1.0 want: ^1.3.0
1091 silly placeDep ROOT get-intrinsic@1.3.0 OK for: es-set-tostringtag@2.1.0 want: ^1.2.6
1092 silly placeDep ROOT has-tostringtag@1.0.2 OK for: es-set-tostringtag@2.1.0 want: ^1.0.2
1093 silly fetch manifest gopd@^1.2.0
1094 silly packumentCache full:https://registry.npmjs.org/gopd cache-miss
1095 silly fetch manifest get-proto@^1.0.1
1096 silly packumentCache full:https://registry.npmjs.org/get-proto cache-miss
1097 silly fetch manifest has-symbols@^1.1.0
1098 silly packumentCache full:https://registry.npmjs.org/has-symbols cache-miss
1099 silly fetch manifest es-object-atoms@^1.1.1
1100 silly packumentCache full:https://registry.npmjs.org/es-object-atoms cache-miss
1101 silly fetch manifest math-intrinsics@^1.1.0
1102 silly packumentCache full:https://registry.npmjs.org/math-intrinsics cache-miss
1103 silly fetch manifest es-define-property@^1.0.1
1104 silly packumentCache full:https://registry.npmjs.org/es-define-property cache-miss
1105 silly fetch manifest call-bind-apply-helpers@^1.0.2
1106 silly packumentCache full:https://registry.npmjs.org/call-bind-apply-helpers cache-miss
1107 silly fetch manifest has-symbols@^1.0.3
1108 silly packumentCache full:https://registry.npmjs.org/has-symbols cache-miss
1109 http fetch GET 200 https://registry.npmjs.org/get-proto 107ms (cache miss)
1110 silly packumentCache full:https://registry.npmjs.org/get-proto set size:undefined disposed:false
1111 http fetch GET 200 https://registry.npmjs.org/math-intrinsics 107ms (cache miss)
1112 silly packumentCache full:https://registry.npmjs.org/math-intrinsics set size:undefined disposed:false
1113 http fetch GET 200 https://registry.npmjs.org/es-object-atoms 107ms (cache miss)
1114 silly packumentCache full:https://registry.npmjs.org/es-object-atoms set size:undefined disposed:false
1115 http fetch GET 200 https://registry.npmjs.org/gopd 112ms (cache miss)
1116 silly packumentCache full:https://registry.npmjs.org/gopd set size:undefined disposed:false
1117 http fetch GET 200 https://registry.npmjs.org/es-define-property 112ms (cache miss)
1118 silly packumentCache full:https://registry.npmjs.org/es-define-property set size:undefined disposed:false
1119 http fetch GET 200 https://registry.npmjs.org/has-symbols 116ms (cache miss)
1120 silly packumentCache full:https://registry.npmjs.org/has-symbols set size:undefined disposed:false
1121 http fetch GET 200 https://registry.npmjs.org/has-symbols 122ms (cache miss)
1122 silly packumentCache full:https://registry.npmjs.org/has-symbols set size:undefined disposed:false
1123 http fetch GET 200 https://registry.npmjs.org/call-bind-apply-helpers 123ms (cache miss)
1124 silly packumentCache full:https://registry.npmjs.org/call-bind-apply-helpers set size:undefined disposed:false
1125 silly placeDep ROOT call-bind-apply-helpers@1.0.2 OK for: get-intrinsic@1.3.0 want: ^1.0.2
1126 silly placeDep ROOT es-define-property@1.0.1 OK for: get-intrinsic@1.3.0 want: ^1.0.1
1127 silly placeDep ROOT es-object-atoms@1.1.2 OK for: get-intrinsic@1.3.0 want: ^1.1.1
1128 silly placeDep ROOT function-bind@1.1.2 OK for: get-intrinsic@1.3.0 want: ^1.1.2
1129 silly placeDep ROOT get-proto@1.0.1 OK for: get-intrinsic@1.3.0 want: ^1.0.1
1130 silly placeDep ROOT gopd@1.2.0 OK for: get-intrinsic@1.3.0 want: ^1.2.0
1131 silly placeDep ROOT has-symbols@1.1.0 OK for: get-intrinsic@1.3.0 want: ^1.1.0
1132 silly placeDep ROOT math-intrinsics@1.1.0 OK for: get-intrinsic@1.3.0 want: ^1.1.0
1133 silly fetch manifest dunder-proto@^1.0.1
1134 silly packumentCache full:https://registry.npmjs.org/dunder-proto cache-miss
1135 http fetch GET 200 https://registry.npmjs.org/dunder-proto 114ms (cache miss)
1136 silly packumentCache full:https://registry.npmjs.org/dunder-proto set size:undefined disposed:false
1137 silly placeDep ROOT dunder-proto@1.0.1 OK for: get-proto@1.0.1 want: ^1.0.1
1138 silly placeDep ROOT agent-base@6.0.2 OK for: https-proxy-agent@5.0.1 want: 6
1139 silly placeDep ROOT string-convert@0.2.1 OK for: json2mq@0.2.0 want: ^0.2.0
1140 silly placeDep ROOT yallist@3.1.1 OK for: lru-cache@5.1.1 want: ^3.0.2
1141 silly placeDep ROOT mime-db@1.52.0 OK for: mime-types@2.1.35 want: 1.52.0
1142 silly placeDep ROOT nanoid@3.3.12 OK for: postcss@8.5.15 want: ^3.3.12
1143 silly placeDep ROOT source-map-js@1.2.1 OK for: postcss@8.5.15 want: ^1.2.1
1144 silly placeDep ROOT @rc-component/async-validator@5.1.0 OK for: rc-field-form@2.7.1 want: ^5.0.3
1145 silly placeDep ROOT @rc-component/mini-decimal@1.1.3 OK for: rc-input-number@9.5.0 want: ^1.0.1
1146 silly placeDep ROOT rc-overflow@1.5.0 OK for: rc-menu@9.16.1 want: ^1.3.1
1147 silly fetch manifest react@*
1148 silly packumentCache full:https://registry.npmjs.org/react cache-miss
1149 http cache https://registry.npmjs.org/react 13ms (cache hit)
1150 silly packumentCache full:https://registry.npmjs.org/react set size:6650647 disposed:false
1151 silly fetch manifest react-dom@*
1152 silly packumentCache full:https://registry.npmjs.org/react-dom cache-miss
1153 http cache https://registry.npmjs.org/react-dom 17ms (cache hit)
1154 silly packumentCache full:https://registry.npmjs.org/react-dom set size:8868827 disposed:false
1155 silly placeDep ROOT rc-virtual-list@3.19.2 OK for: rc-select@14.16.8 want: ^3.5.2
1156 silly placeDep ROOT @rc-component/context@1.4.0 OK for: rc-table@7.54.0 want: ^1.4.0
1157 silly placeDep ROOT react-is@18.3.1 OK for: rc-util@5.44.4 want: ^18.2.0
1158 silly placeDep ROOT loose-envify@1.4.0 OK for: react@18.3.1 want: ^1.1.0
1159 silly placeDep ROOT scheduler@0.23.2 OK for: react-dom@18.3.1 want: ^0.23.2
1160 silly fetch manifest leaflet@^1.9.0
1161 silly packumentCache full:https://registry.npmjs.org/leaflet cache-miss
1162 http cache https://registry.npmjs.org/leaflet 4ms (cache hit)
1163 silly packumentCache full:https://registry.npmjs.org/leaflet set size:146664 disposed:false
1164 silly fetch manifest react@^18.0.0
1165 silly packumentCache full:https://registry.npmjs.org/react cache-miss
1166 http cache https://registry.npmjs.org/react 13ms (cache hit)
1167 silly packumentCache full:https://registry.npmjs.org/react set size:6650647 disposed:false
1168 silly fetch manifest react-dom@^18.0.0
1169 silly packumentCache full:https://registry.npmjs.org/react-dom cache-miss
1170 http cache https://registry.npmjs.org/react-dom 13ms (cache hit)
1171 silly packumentCache full:https://registry.npmjs.org/react-dom set size:8868827 disposed:false
1172 silly placeDep ROOT @react-leaflet/core@2.1.0 OK for: react-leaflet@4.2.1 want: ^2.1.0
1173 silly fetch manifest react@>=16.8
1174 silly packumentCache full:https://registry.npmjs.org/react cache-miss
1175 http cache https://registry.npmjs.org/react 14ms (cache hit)
1176 silly packumentCache full:https://registry.npmjs.org/react set size:6650647 disposed:false
1177 silly placeDep ROOT @remix-run/router@1.23.2 OK for: react-router-dom@6.30.3 want: 1.23.2
1178 silly placeDep ROOT react-router@6.30.3 OK for: react-router-dom@6.30.3 want: 6.30.3
1179 silly placeDep ROOT compute-scroll-into-view@3.1.1 OK for: scroll-into-view-if-needed@3.1.0 want: ^3.0.2
1180 silly fetch manifest postcss@^8.4.47
1181 silly packumentCache full:https://registry.npmjs.org/postcss cache-hit
1182 silly fetch manifest tsx@^4.8.1
1183 silly packumentCache full:https://registry.npmjs.org/tsx cache-miss
1184 http fetch GET 200 https://registry.npmjs.org/tsx 117ms (cache miss)
1185 silly packumentCache full:https://registry.npmjs.org/tsx set size:undefined disposed:false
1186 silly fetch manifest yaml@^2.4.2
1187 silly packumentCache full:https://registry.npmjs.org/yaml cache-miss
1188 http fetch GET 200 https://registry.npmjs.org/yaml 127ms (cache miss)
1189 silly packumentCache full:https://registry.npmjs.org/yaml set size:undefined disposed:false
1190 silly placeDep ROOT @alloc/quick-lru@5.2.0 OK for: tailwindcss@3.4.19 want: ^5.2.0
1191 silly placeDep ROOT arg@5.0.2 OK for: tailwindcss@3.4.19 want: ^5.0.2
1192 silly placeDep ROOT chokidar@3.6.0 OK for: tailwindcss@3.4.19 want: ^3.6.0
1193 silly placeDep ROOT didyoumean@1.2.2 OK for: tailwindcss@3.4.19 want: ^1.2.2
1194 silly placeDep ROOT dlv@1.1.3 OK for: tailwindcss@3.4.19 want: ^1.1.3
1195 silly placeDep ROOT fast-glob@3.3.3 OK for: tailwindcss@3.4.19 want: ^3.3.2
1196 silly placeDep ROOT glob-parent@6.0.2 OK for: tailwindcss@3.4.19 want: ^6.0.2
1197 silly placeDep ROOT is-glob@4.0.3 OK for: tailwindcss@3.4.19 want: ^4.0.3
1198 silly placeDep ROOT jiti@1.21.7 OK for: tailwindcss@3.4.19 want: ^1.21.7
1199 silly placeDep ROOT lilconfig@3.1.3 OK for: tailwindcss@3.4.19 want: ^3.1.3
1200 silly placeDep ROOT micromatch@4.0.8 OK for: tailwindcss@3.4.19 want: ^4.0.8
1201 silly placeDep ROOT normalize-path@3.0.0 OK for: tailwindcss@3.4.19 want: ^3.0.0
1202 silly placeDep ROOT object-hash@3.0.0 OK for: tailwindcss@3.4.19 want: ^3.0.0
1203 silly placeDep ROOT postcss-import@15.1.0 OK for: tailwindcss@3.4.19 want: ^15.1.0
1204 silly placeDep ROOT postcss-js@4.1.0 OK for: tailwindcss@3.4.19 want: ^4.0.1
1205 silly placeDep ROOT postcss-load-config@6.0.1 OK for: tailwindcss@3.4.19 want: ^4.0.2 || ^5.0 || ^6.0
1206 silly placeDep ROOT postcss-nested@6.2.0 OK for: tailwindcss@3.4.19 want: ^6.2.0
1207 silly placeDep ROOT postcss-selector-parser@6.1.2 OK for: tailwindcss@3.4.19 want: ^6.1.2
1208 silly placeDep ROOT resolve@1.22.12 OK for: tailwindcss@3.4.19 want: ^1.22.8
1209 silly placeDep ROOT sucrase@3.35.1 OK for: tailwindcss@3.4.19 want: ^3.35.0
1210 silly fetch manifest braces@~3.0.2
1211 silly packumentCache full:https://registry.npmjs.org/braces cache-miss
1212 silly fetch manifest is-glob@~4.0.1
1213 silly packumentCache full:https://registry.npmjs.org/is-glob cache-miss
1214 silly fetch manifest anymatch@~3.1.2
1215 silly packumentCache full:https://registry.npmjs.org/anymatch cache-miss
1216 silly fetch manifest readdirp@~3.6.0
1217 silly packumentCache full:https://registry.npmjs.org/readdirp cache-miss
1218 silly fetch manifest glob-parent@~5.1.2
1219 silly packumentCache full:https://registry.npmjs.org/glob-parent cache-miss
1220 silly fetch manifest is-binary-path@~2.1.0
1221 silly packumentCache full:https://registry.npmjs.org/is-binary-path cache-miss
1222 silly fetch manifest normalize-path@~3.0.0
1223 silly packumentCache full:https://registry.npmjs.org/normalize-path cache-miss
1224 silly fetch manifest fsevents@~2.3.2
1225 silly packumentCache full:https://registry.npmjs.org/fsevents cache-miss
1226 silly fetch manifest @nodelib/fs.stat@^2.0.2
1227 silly packumentCache full:https://registry.npmjs.org/@nodelib%2ffs.stat cache-miss
1228 silly fetch manifest @nodelib/fs.walk@^1.2.3
1229 silly packumentCache full:https://registry.npmjs.org/@nodelib%2ffs.walk cache-miss
1230 silly fetch manifest glob-parent@^5.1.2
1231 silly packumentCache full:https://registry.npmjs.org/glob-parent cache-miss
1232 silly fetch manifest merge2@^1.3.0
1233 silly packumentCache full:https://registry.npmjs.org/merge2 cache-miss
1234 silly fetch manifest is-extglob@^2.1.1
1235 silly packumentCache full:https://registry.npmjs.org/is-extglob cache-miss
1236 silly fetch manifest braces@^3.0.3
1237 silly packumentCache full:https://registry.npmjs.org/braces cache-miss
1238 silly fetch manifest picomatch@^2.3.1
1239 silly packumentCache full:https://registry.npmjs.org/picomatch cache-miss
1240 http cache https://registry.npmjs.org/is-glob 10ms (cache hit)
1241 silly packumentCache full:https://registry.npmjs.org/is-glob set size:40530 disposed:false
1242 silly fetch manifest resolve@^1.1.7
1243 silly packumentCache full:https://registry.npmjs.org/resolve cache-miss
1244 http cache https://registry.npmjs.org/fsevents 11ms (cache hit)
1245 silly packumentCache full:https://registry.npmjs.org/fsevents set size:182472 disposed:false
1246 silly fetch manifest read-cache@^1.0.0
1247 silly packumentCache full:https://registry.npmjs.org/read-cache cache-miss
1248 http cache https://registry.npmjs.org/normalize-path 13ms (cache hit)
1249 silly packumentCache full:https://registry.npmjs.org/normalize-path set size:28713 disposed:false
1250 silly fetch manifest camelcase-css@^2.0.1
1251 silly packumentCache full:https://registry.npmjs.org/camelcase-css cache-miss
1252 http cache https://registry.npmjs.org/glob-parent 14ms (cache hit)
1253 silly packumentCache full:https://registry.npmjs.org/glob-parent set size:42445 disposed:false
1254 silly fetch manifest postcss-selector-parser@^6.1.1
1255 silly packumentCache full:https://registry.npmjs.org/postcss-selector-parser cache-miss
1256 http cache https://registry.npmjs.org/glob-parent 16ms (cache hit)
1257 silly packumentCache full:https://registry.npmjs.org/glob-parent set size:42445 disposed:false
1258 silly packumentCache full:https://registry.npmjs.org/glob-parent dispose
1259 silly fetch manifest cssesc@^3.0.0
1260 silly packumentCache full:https://registry.npmjs.org/cssesc cache-miss
1261 http cache https://registry.npmjs.org/resolve 9ms (cache hit)
1262 silly packumentCache full:https://registry.npmjs.org/resolve set size:244568 disposed:false
1263 silly fetch manifest util-deprecate@^1.0.2
1264 silly packumentCache full:https://registry.npmjs.org/util-deprecate cache-miss
1265 http cache https://registry.npmjs.org/postcss-selector-parser 7ms (cache hit)
1266 silly packumentCache full:https://registry.npmjs.org/postcss-selector-parser set size:177140 disposed:false
1267 silly fetch manifest path-parse@^1.0.7
1268 silly packumentCache full:https://registry.npmjs.org/path-parse cache-miss
1269 http fetch GET 200 https://registry.npmjs.org/is-extglob 103ms (cache miss)
1270 silly packumentCache full:https://registry.npmjs.org/is-extglob set size:undefined disposed:false
1271 silly fetch manifest is-core-module@^2.16.1
1272 silly packumentCache full:https://registry.npmjs.org/is-core-module cache-miss
1273 http fetch GET 200 https://registry.npmjs.org/merge2 111ms (cache miss)
1274 silly packumentCache full:https://registry.npmjs.org/merge2 set size:undefined disposed:false
1275 silly fetch manifest supports-preserve-symlinks-flag@^1.0.0
1276 silly packumentCache full:https://registry.npmjs.org/supports-preserve-symlinks-flag cache-miss
1277 http fetch GET 200 https://registry.npmjs.org/braces 114ms (cache miss)
1278 silly packumentCache full:https://registry.npmjs.org/braces set size:undefined disposed:false
1279 silly fetch manifest commander@^4.0.0
1280 silly packumentCache full:https://registry.npmjs.org/commander cache-miss
1281 http fetch GET 200 https://registry.npmjs.org/camelcase-css 116ms (cache miss)
1282 silly packumentCache full:https://registry.npmjs.org/camelcase-css set size:undefined disposed:false
1283 silly fetch manifest lines-and-columns@^1.1.6
1284 silly packumentCache full:https://registry.npmjs.org/lines-and-columns cache-miss
1285 http fetch GET 200 https://registry.npmjs.org/braces 134ms (cache miss)
1286 silly packumentCache full:https://registry.npmjs.org/braces set size:undefined disposed:false
1287 silly fetch manifest mz@^2.7.0
1288 silly packumentCache full:https://registry.npmjs.org/mz cache-miss
1289 http fetch GET 200 https://registry.npmjs.org/util-deprecate 114ms (cache miss)
1290 silly packumentCache full:https://registry.npmjs.org/util-deprecate set size:undefined disposed:false
1291 silly fetch manifest pirates@^4.0.1
1292 silly packumentCache full:https://registry.npmjs.org/pirates cache-miss
1293 http fetch GET 200 https://registry.npmjs.org/@nodelib%2ffs.stat 138ms (cache miss)
1294 silly packumentCache full:https://registry.npmjs.org/@nodelib%2ffs.stat set size:undefined disposed:false
1295 silly fetch manifest tinyglobby@^0.2.11
1296 silly packumentCache full:https://registry.npmjs.org/tinyglobby cache-miss
1297 http fetch GET 200 https://registry.npmjs.org/@nodelib%2ffs.walk 141ms (cache miss)
1298 silly packumentCache full:https://registry.npmjs.org/@nodelib%2ffs.walk set size:undefined disposed:false
1299 silly fetch manifest ts-interface-checker@^0.1.9
1300 silly packumentCache full:https://registry.npmjs.org/ts-interface-checker cache-miss
1301 http fetch GET 200 https://registry.npmjs.org/is-binary-path 145ms (cache miss)
1302 silly packumentCache full:https://registry.npmjs.org/is-binary-path set size:undefined disposed:false
1303 http fetch GET 200 https://registry.npmjs.org/picomatch 144ms (cache miss)
1304 silly packumentCache full:https://registry.npmjs.org/picomatch set size:undefined disposed:false
1305 http fetch GET 200 https://registry.npmjs.org/readdirp 148ms (cache miss)
1306 silly packumentCache full:https://registry.npmjs.org/readdirp set size:undefined disposed:false
1307 http fetch GET 200 https://registry.npmjs.org/path-parse 125ms (cache miss)
1308 silly packumentCache full:https://registry.npmjs.org/path-parse set size:undefined disposed:false
1309 http fetch GET 200 https://registry.npmjs.org/cssesc 135ms (cache miss)
1310 silly packumentCache full:https://registry.npmjs.org/cssesc set size:undefined disposed:false
1311 http fetch GET 200 https://registry.npmjs.org/anymatch 151ms (cache miss)
1312 silly packumentCache full:https://registry.npmjs.org/anymatch set size:undefined disposed:false
1313 http fetch GET 200 https://registry.npmjs.org/read-cache 141ms (cache miss)
1314 silly packumentCache full:https://registry.npmjs.org/read-cache set size:undefined disposed:false
1315 http fetch GET 200 https://registry.npmjs.org/is-core-module 109ms (cache miss)
1316 silly packumentCache full:https://registry.npmjs.org/is-core-module set size:undefined disposed:false
1317 http fetch GET 200 https://registry.npmjs.org/supports-preserve-symlinks-flag 103ms (cache miss)
1318 silly packumentCache full:https://registry.npmjs.org/supports-preserve-symlinks-flag set size:undefined disposed:false
1319 http fetch GET 200 https://registry.npmjs.org/commander 122ms (cache miss)
1320 silly packumentCache full:https://registry.npmjs.org/commander set size:undefined disposed:false
1321 http fetch GET 200 https://registry.npmjs.org/lines-and-columns 112ms (cache miss)
1322 silly packumentCache full:https://registry.npmjs.org/lines-and-columns set size:undefined disposed:false
1323 http fetch GET 200 https://registry.npmjs.org/mz 111ms (cache miss)
1324 silly packumentCache full:https://registry.npmjs.org/mz set size:undefined disposed:false
1325 http fetch GET 200 https://registry.npmjs.org/pirates 113ms (cache miss)
1326 silly packumentCache full:https://registry.npmjs.org/pirates set size:undefined disposed:false
1327 http fetch GET 200 https://registry.npmjs.org/tinyglobby 113ms (cache miss)
1328 silly packumentCache full:https://registry.npmjs.org/tinyglobby set size:undefined disposed:false
1329 http fetch GET 200 https://registry.npmjs.org/ts-interface-checker 114ms (cache miss)
1330 silly packumentCache full:https://registry.npmjs.org/ts-interface-checker set size:undefined disposed:false
1331 silly placeDep ROOT anymatch@3.1.3 OK for: chokidar@3.6.0 want: ~3.1.2
1332 silly placeDep ROOT braces@3.0.3 OK for: chokidar@3.6.0 want: ~3.0.2
1333 silly placeDep ROOT fsevents@2.3.3 OK for: chokidar@3.6.0 want: ~2.3.2
1334 silly placeDep node_modules/chokidar glob-parent@5.1.2 OK for: chokidar@3.6.0 want: ~5.1.2
1335 silly placeDep ROOT is-binary-path@2.1.0 OK for: chokidar@3.6.0 want: ~2.1.0
1336 silly placeDep ROOT readdirp@3.6.0 OK for: chokidar@3.6.0 want: ~3.6.0
1337 silly fetch manifest picomatch@^2.0.4
1338 silly packumentCache full:https://registry.npmjs.org/picomatch cache-miss
1339 silly fetch manifest fill-range@^7.1.1
1340 silly packumentCache full:https://registry.npmjs.org/fill-range cache-miss
1341 silly fetch manifest binary-extensions@^2.0.0
1342 silly packumentCache full:https://registry.npmjs.org/binary-extensions cache-miss
1343 silly fetch manifest picomatch@^2.2.1
1344 silly packumentCache full:https://registry.npmjs.org/picomatch cache-miss
1345 http cache https://registry.npmjs.org/picomatch 6ms (cache hit)
1346 silly packumentCache full:https://registry.npmjs.org/picomatch set size:126376 disposed:false
1347 http cache https://registry.npmjs.org/picomatch 7ms (cache hit)
1348 silly packumentCache full:https://registry.npmjs.org/picomatch set size:126376 disposed:false
1349 silly packumentCache full:https://registry.npmjs.org/picomatch dispose
1350 http fetch GET 200 https://registry.npmjs.org/binary-extensions 130ms (cache miss)
1351 silly packumentCache full:https://registry.npmjs.org/binary-extensions set size:undefined disposed:false
1352 http fetch GET 200 https://registry.npmjs.org/fill-range 131ms (cache miss)
1353 silly packumentCache full:https://registry.npmjs.org/fill-range set size:undefined disposed:false
1354 silly placeDep ROOT picomatch@2.3.2 OK for: anymatch@3.1.3 want: ^2.0.4
1355 silly placeDep ROOT fill-range@7.1.1 OK for: braces@3.0.3 want: ^7.1.1
1356 silly fetch manifest to-regex-range@^5.0.1
1357 silly packumentCache full:https://registry.npmjs.org/to-regex-range cache-miss
1358 http fetch GET 200 https://registry.npmjs.org/to-regex-range 180ms (cache miss)
1359 silly packumentCache full:https://registry.npmjs.org/to-regex-range set size:undefined disposed:false
1360 silly placeDep ROOT @nodelib/fs.stat@2.0.5 OK for: fast-glob@3.3.3 want: ^2.0.2
1361 silly placeDep ROOT @nodelib/fs.walk@1.2.8 OK for: fast-glob@3.3.3 want: ^1.2.3
1362 silly placeDep node_modules/fast-glob glob-parent@5.1.2 OK for: fast-glob@3.3.3 want: ^5.1.2
1363 silly placeDep ROOT merge2@1.4.1 OK for: fast-glob@3.3.3 want: ^1.3.0
1364 silly fetch manifest fastq@^1.6.0
1365 silly packumentCache full:https://registry.npmjs.org/fastq cache-miss
1366 silly fetch manifest @nodelib/fs.scandir@2.1.5
1367 silly packumentCache full:https://registry.npmjs.org/@nodelib%2ffs.scandir cache-miss
1368 http fetch GET 200 https://registry.npmjs.org/fastq 116ms (cache miss)
1369 silly packumentCache full:https://registry.npmjs.org/fastq set size:undefined disposed:false
1370 http fetch GET 200 https://registry.npmjs.org/@nodelib%2ffs.scandir 135ms (cache miss)
1371 silly packumentCache full:https://registry.npmjs.org/@nodelib%2ffs.scandir set size:undefined disposed:false
1372 silly placeDep ROOT @nodelib/fs.scandir@2.1.5 OK for: @nodelib/fs.walk@1.2.8 want: 2.1.5
1373 silly placeDep ROOT fastq@1.20.1 OK for: @nodelib/fs.walk@1.2.8 want: ^1.6.0
1374 silly fetch manifest run-parallel@^1.1.9
1375 silly packumentCache full:https://registry.npmjs.org/run-parallel cache-miss
1376 silly fetch manifest reusify@^1.0.4
1377 silly packumentCache full:https://registry.npmjs.org/reusify cache-miss
1378 http fetch GET 200 https://registry.npmjs.org/run-parallel 115ms (cache miss)
1379 silly packumentCache full:https://registry.npmjs.org/run-parallel set size:undefined disposed:false
1380 http fetch GET 200 https://registry.npmjs.org/reusify 116ms (cache miss)
1381 silly packumentCache full:https://registry.npmjs.org/reusify set size:undefined disposed:false
1382 silly placeDep ROOT run-parallel@1.2.0 OK for: @nodelib/fs.scandir@2.1.5 want: ^1.1.9
1383 silly fetch manifest queue-microtask@^1.2.2
1384 silly packumentCache full:https://registry.npmjs.org/queue-microtask cache-miss
1385 http fetch GET 200 https://registry.npmjs.org/queue-microtask 109ms (cache miss)
1386 silly packumentCache full:https://registry.npmjs.org/queue-microtask set size:undefined disposed:false
1387 silly placeDep ROOT reusify@1.1.0 OK for: fastq@1.20.1 want: ^1.0.4
1388 silly placeDep ROOT to-regex-range@5.0.1 OK for: fill-range@7.1.1 want: ^5.0.1
1389 silly fetch manifest is-number@^7.0.0
1390 silly packumentCache full:https://registry.npmjs.org/is-number cache-miss
1391 http fetch GET 200 https://registry.npmjs.org/is-number 108ms (cache miss)
1392 silly packumentCache full:https://registry.npmjs.org/is-number set size:undefined disposed:false
1393 silly placeDep ROOT binary-extensions@2.3.0 OK for: is-binary-path@2.1.0 want: ^2.0.0
1394 silly placeDep ROOT is-extglob@2.1.1 OK for: is-glob@4.0.3 want: ^2.1.1
1395 silly placeDep ROOT read-cache@1.0.0 OK for: postcss-import@15.1.0 want: ^1.0.0
1396 silly fetch manifest pify@^2.3.0
1397 silly packumentCache full:https://registry.npmjs.org/pify cache-miss
1398 http fetch GET 200 https://registry.npmjs.org/pify 102ms (cache miss)
1399 silly packumentCache full:https://registry.npmjs.org/pify set size:undefined disposed:false
1400 silly placeDep ROOT camelcase-css@2.0.1 OK for: postcss-js@4.1.0 want: ^2.0.1
1401 silly placeDep ROOT cssesc@3.0.0 OK for: postcss-selector-parser@6.1.2 want: ^3.0.0
1402 silly placeDep ROOT util-deprecate@1.0.2 OK for: postcss-selector-parser@6.1.2 want: ^1.0.2
1403 silly placeDep ROOT pify@2.3.0 OK for: read-cache@1.0.0 want: ^2.3.0
1404 silly placeDep ROOT is-core-module@2.16.2 OK for: resolve@1.22.12 want: ^2.16.1
1405 silly placeDep ROOT path-parse@1.0.7 OK for: resolve@1.22.12 want: ^1.0.7
1406 silly placeDep ROOT supports-preserve-symlinks-flag@1.0.0 OK for: resolve@1.22.12 want: ^1.0.0
1407 silly placeDep ROOT queue-microtask@1.2.3 OK for: run-parallel@1.2.0 want: ^1.2.2
1408 silly placeDep ROOT commander@4.1.1 OK for: sucrase@3.35.1 want: ^4.0.0
1409 silly placeDep ROOT lines-and-columns@1.2.4 OK for: sucrase@3.35.1 want: ^1.1.6
1410 silly placeDep ROOT mz@2.7.0 OK for: sucrase@3.35.1 want: ^2.7.0
1411 silly placeDep ROOT pirates@4.0.7 OK for: sucrase@3.35.1 want: ^4.0.1
1412 silly placeDep ROOT tinyglobby@0.2.16 OK for: sucrase@3.35.1 want: ^0.2.11
1413 silly placeDep ROOT ts-interface-checker@0.1.13 OK for: sucrase@3.35.1 want: ^0.1.9
1414 silly fetch manifest any-promise@^1.0.0
1415 silly packumentCache full:https://registry.npmjs.org/any-promise cache-miss
1416 silly fetch manifest object-assign@^4.0.1
1417 silly packumentCache full:https://registry.npmjs.org/object-assign cache-miss
1418 silly fetch manifest thenify-all@^1.0.0
1419 silly packumentCache full:https://registry.npmjs.org/thenify-all cache-miss
1420 silly fetch manifest fdir@^6.5.0
1421 silly packumentCache full:https://registry.npmjs.org/fdir cache-miss
1422 silly fetch manifest picomatch@^4.0.4
1423 silly packumentCache full:https://registry.npmjs.org/picomatch cache-hit
1424 http fetch GET 200 https://registry.npmjs.org/any-promise 106ms (cache miss)
1425 silly packumentCache full:https://registry.npmjs.org/any-promise set size:undefined disposed:false
1426 http fetch GET 200 https://registry.npmjs.org/object-assign 108ms (cache miss)
1427 silly packumentCache full:https://registry.npmjs.org/object-assign set size:undefined disposed:false
1428 http fetch GET 200 https://registry.npmjs.org/thenify-all 109ms (cache miss)
1429 silly packumentCache full:https://registry.npmjs.org/thenify-all set size:undefined disposed:false
1430 http fetch GET 200 https://registry.npmjs.org/fdir 116ms (cache miss)
1431 silly packumentCache full:https://registry.npmjs.org/fdir set size:undefined disposed:false
1432 silly placeDep ROOT any-promise@1.3.0 OK for: mz@2.7.0 want: ^1.0.0
1433 silly placeDep ROOT object-assign@4.1.1 OK for: mz@2.7.0 want: ^4.0.1
1434 silly placeDep ROOT thenify-all@1.6.0 OK for: mz@2.7.0 want: ^1.0.0
1435 silly fetch manifest thenify@>= 3.1.0 < 4
1436 silly packumentCache full:https://registry.npmjs.org/thenify cache-miss
1437 http fetch GET 200 https://registry.npmjs.org/thenify 108ms (cache miss)
1438 silly packumentCache full:https://registry.npmjs.org/thenify set size:undefined disposed:false
1439 silly placeDep ROOT thenify@3.3.1 OK for: thenify-all@1.6.0 want: >= 3.1.0 < 4
1440 silly placeDep node_modules/tinyglobby fdir@6.5.0 OK for: tinyglobby@0.2.16 want: ^6.5.0
1441 silly placeDep node_modules/tinyglobby picomatch@4.0.4 OK for: fdir@6.5.0 want: ^3 || ^4
1442 silly placeDep ROOT is-number@7.0.0 OK for: to-regex-range@5.0.1 want: ^7.0.0
1443 silly placeDep ROOT escalade@3.2.0 OK for: update-browserslist-db@1.2.3 want: ^3.2.0
1444 silly placeDep ROOT esbuild@0.21.5 OK for: vite@5.4.21 want: ^0.21.3
1445 silly placeDep ROOT rollup@4.60.4 OK for: vite@5.4.21 want: ^4.20.0
1446 silly fetch manifest @esbuild/aix-ppc64@0.21.5
1447 silly packumentCache full:https://registry.npmjs.org/@esbuild%2faix-ppc64 cache-miss
1448 silly fetch manifest @esbuild/linux-arm@0.21.5
1449 silly packumentCache full:https://registry.npmjs.org/@esbuild%2flinux-arm cache-miss
1450 silly fetch manifest @esbuild/linux-x64@0.21.5
1451 silly packumentCache full:https://registry.npmjs.org/@esbuild%2flinux-x64 cache-miss
1452 silly fetch manifest @esbuild/sunos-x64@0.21.5
1453 silly packumentCache full:https://registry.npmjs.org/@esbuild%2fsunos-x64 cache-miss
1454 silly fetch manifest @esbuild/win32-x64@0.21.5
1455 silly packumentCache full:https://registry.npmjs.org/@esbuild%2fwin32-x64 cache-miss
1456 silly fetch manifest @esbuild/darwin-x64@0.21.5
1457 silly packumentCache full:https://registry.npmjs.org/@esbuild%2fdarwin-x64 cache-miss
1458 silly fetch manifest @esbuild/linux-ia32@0.21.5
1459 silly packumentCache full:https://registry.npmjs.org/@esbuild%2flinux-ia32 cache-miss
1460 silly fetch manifest @esbuild/netbsd-x64@0.21.5
1461 silly packumentCache full:https://registry.npmjs.org/@esbuild%2fnetbsd-x64 cache-miss
1462 silly fetch manifest @esbuild/win32-ia32@0.21.5
1463 silly packumentCache full:https://registry.npmjs.org/@esbuild%2fwin32-ia32 cache-miss
1464 silly fetch manifest @esbuild/android-arm@0.21.5
1465 silly packumentCache full:https://registry.npmjs.org/@esbuild%2fandroid-arm cache-miss
1466 silly fetch manifest @esbuild/android-x64@0.21.5
1467 silly packumentCache full:https://registry.npmjs.org/@esbuild%2fandroid-x64 cache-miss
1468 silly fetch manifest @esbuild/freebsd-x64@0.21.5
1469 silly packumentCache full:https://registry.npmjs.org/@esbuild%2ffreebsd-x64 cache-miss
1470 silly fetch manifest @esbuild/linux-arm64@0.21.5
1471 silly packumentCache full:https://registry.npmjs.org/@esbuild%2flinux-arm64 cache-miss
1472 silly fetch manifest @esbuild/linux-ppc64@0.21.5
1473 silly packumentCache full:https://registry.npmjs.org/@esbuild%2flinux-ppc64 cache-miss
1474 silly fetch manifest @esbuild/linux-s390x@0.21.5
1475 silly packumentCache full:https://registry.npmjs.org/@esbuild%2flinux-s390x cache-miss
1476 http fetch GET 200 https://registry.npmjs.org/@esbuild%2flinux-x64 124ms (cache miss)
1477 silly packumentCache full:https://registry.npmjs.org/@esbuild%2flinux-x64 set size:undefined disposed:false
1478 silly fetch manifest @esbuild/openbsd-x64@0.21.5
1479 silly packumentCache full:https://registry.npmjs.org/@esbuild%2fopenbsd-x64 cache-miss
1480 http fetch GET 200 https://registry.npmjs.org/@esbuild%2faix-ppc64 127ms (cache miss)
1481 silly packumentCache full:https://registry.npmjs.org/@esbuild%2faix-ppc64 set size:undefined disposed:false
1482 silly fetch manifest @esbuild/win32-arm64@0.21.5
1483 silly packumentCache full:https://registry.npmjs.org/@esbuild%2fwin32-arm64 cache-miss
1484 http fetch GET 200 https://registry.npmjs.org/@esbuild%2flinux-arm 141ms (cache miss)
1485 silly packumentCache full:https://registry.npmjs.org/@esbuild%2flinux-arm set size:undefined disposed:false
1486 silly fetch manifest @esbuild/darwin-arm64@0.21.5
1487 silly packumentCache full:https://registry.npmjs.org/@esbuild%2fdarwin-arm64 cache-miss
1488 http fetch GET 200 https://registry.npmjs.org/@esbuild%2fandroid-x64 141ms (cache miss)
1489 silly packumentCache full:https://registry.npmjs.org/@esbuild%2fandroid-x64 set size:undefined disposed:false
1490 silly fetch manifest @esbuild/android-arm64@0.21.5
1491 silly packumentCache full:https://registry.npmjs.org/@esbuild%2fandroid-arm64 cache-miss
1492 http fetch GET 200 https://registry.npmjs.org/@esbuild%2fwin32-x64 149ms (cache miss)
1493 silly packumentCache full:https://registry.npmjs.org/@esbuild%2fwin32-x64 set size:undefined disposed:false
1494 silly fetch manifest @esbuild/freebsd-arm64@0.21.5
1495 silly packumentCache full:https://registry.npmjs.org/@esbuild%2ffreebsd-arm64 cache-miss
1496 http fetch GET 200 https://registry.npmjs.org/@esbuild%2fnetbsd-x64 152ms (cache miss)
1497 silly packumentCache full:https://registry.npmjs.org/@esbuild%2fnetbsd-x64 set size:undefined disposed:false
1498 silly fetch manifest @esbuild/linux-loong64@0.21.5
1499 silly packumentCache full:https://registry.npmjs.org/@esbuild%2flinux-loong64 cache-miss
1500 http fetch GET 200 https://registry.npmjs.org/@esbuild%2flinux-s390x 160ms (cache miss)
1501 silly packumentCache full:https://registry.npmjs.org/@esbuild%2flinux-s390x set size:undefined disposed:false
1502 silly fetch manifest @esbuild/linux-riscv64@0.21.5
1503 silly packumentCache full:https://registry.npmjs.org/@esbuild%2flinux-riscv64 cache-miss
1504 http fetch GET 200 https://registry.npmjs.org/@esbuild%2ffreebsd-x64 163ms (cache miss)
1505 silly packumentCache full:https://registry.npmjs.org/@esbuild%2ffreebsd-x64 set size:undefined disposed:false
1506 silly fetch manifest @esbuild/linux-mips64el@0.21.5
1507 silly packumentCache full:https://registry.npmjs.org/@esbuild%2flinux-mips64el cache-miss
1508 http fetch GET 200 https://registry.npmjs.org/@esbuild%2fdarwin-x64 168ms (cache miss)
1509 silly packumentCache full:https://registry.npmjs.org/@esbuild%2fdarwin-x64 set size:undefined disposed:false
1510 silly fetch manifest @types/estree@1.0.8
1511 silly packumentCache full:https://registry.npmjs.org/@types%2festree cache-miss
1512 http fetch GET 200 https://registry.npmjs.org/@esbuild%2fwin32-ia32 171ms (cache miss)
1513 silly packumentCache full:https://registry.npmjs.org/@esbuild%2fwin32-ia32 set size:undefined disposed:false
1514 silly fetch manifest @rollup/rollup-darwin-arm64@4.60.4
1515 silly packumentCache full:https://registry.npmjs.org/@rollup%2frollup-darwin-arm64 cache-miss
1516 http fetch GET 200 https://registry.npmjs.org/@esbuild%2fandroid-arm 173ms (cache miss)
1517 silly packumentCache full:https://registry.npmjs.org/@esbuild%2fandroid-arm set size:undefined disposed:false
1518 silly fetch manifest @rollup/rollup-android-arm64@4.60.4
1519 silly packumentCache full:https://registry.npmjs.org/@rollup%2frollup-android-arm64 cache-miss
1520 http fetch GET 200 https://registry.npmjs.org/@esbuild%2flinux-ppc64 175ms (cache miss)
1521 silly packumentCache full:https://registry.npmjs.org/@esbuild%2flinux-ppc64 set size:undefined disposed:false
1522 silly fetch manifest @rollup/rollup-win32-arm64-msvc@4.60.4
1523 silly packumentCache full:https://registry.npmjs.org/@rollup%2frollup-win32-arm64-msvc cache-miss
1524 http fetch GET 200 https://registry.npmjs.org/@esbuild%2flinux-arm64 178ms (cache miss)
1525 silly packumentCache full:https://registry.npmjs.org/@esbuild%2flinux-arm64 set size:undefined disposed:false
1526 silly fetch manifest @rollup/rollup-freebsd-arm64@4.60.4
1527 silly packumentCache full:https://registry.npmjs.org/@rollup%2frollup-freebsd-arm64 cache-miss
1528 http fetch GET 200 https://registry.npmjs.org/@esbuild%2fsunos-x64 183ms (cache miss)
1529 silly packumentCache full:https://registry.npmjs.org/@esbuild%2fsunos-x64 set size:undefined disposed:false
1530 silly fetch manifest @rollup/rollup-linux-arm64-gnu@4.60.4
1531 silly packumentCache full:https://registry.npmjs.org/@rollup%2frollup-linux-arm64-gnu cache-miss
1532 http fetch GET 200 https://registry.npmjs.org/@esbuild%2fwin32-arm64 128ms (cache miss)
1533 silly packumentCache full:https://registry.npmjs.org/@esbuild%2fwin32-arm64 set size:undefined disposed:false
1534 silly fetch manifest @rollup/rollup-linux-arm64-musl@4.60.4
1535 silly packumentCache full:https://registry.npmjs.org/@rollup%2frollup-linux-arm64-musl cache-miss
1536 http fetch GET 200 https://registry.npmjs.org/@esbuild%2fopenbsd-x64 133ms (cache miss)
1537 silly packumentCache full:https://registry.npmjs.org/@esbuild%2fopenbsd-x64 set size:undefined disposed:false
1538 silly fetch manifest @rollup/rollup-android-arm-eabi@4.60.4
1539 silly packumentCache full:https://registry.npmjs.org/@rollup%2frollup-android-arm-eabi cache-miss
1540 http fetch GET 200 https://registry.npmjs.org/@esbuild%2fdarwin-arm64 135ms (cache miss)
1541 silly packumentCache full:https://registry.npmjs.org/@esbuild%2fdarwin-arm64 set size:undefined disposed:false
1542 silly fetch manifest @rollup/rollup-linux-arm-gnueabihf@4.60.4
1543 silly packumentCache full:https://registry.npmjs.org/@rollup%2frollup-linux-arm-gnueabihf cache-miss
1544 http fetch GET 200 https://registry.npmjs.org/@esbuild%2fandroid-arm64 136ms (cache miss)
1545 silly packumentCache full:https://registry.npmjs.org/@esbuild%2fandroid-arm64 set size:undefined disposed:false
1546 silly fetch manifest @rollup/rollup-linux-arm-musleabihf@4.60.4
1547 silly packumentCache full:https://registry.npmjs.org/@rollup%2frollup-linux-arm-musleabihf cache-miss
1548 http fetch GET 200 https://registry.npmjs.org/@esbuild%2flinux-loong64 132ms (cache miss)
1549 silly packumentCache full:https://registry.npmjs.org/@esbuild%2flinux-loong64 set size:undefined disposed:false
1550 silly fetch manifest @rollup/rollup-win32-ia32-msvc@4.60.4
1551 silly packumentCache full:https://registry.npmjs.org/@rollup%2frollup-win32-ia32-msvc cache-miss
1552 http fetch GET 200 https://registry.npmjs.org/@types%2festree 122ms (cache miss)
1553 silly packumentCache full:https://registry.npmjs.org/@types%2festree set size:undefined disposed:false
1554 silly fetch manifest @rollup/rollup-linux-loong64-gnu@4.60.4
1555 silly packumentCache full:https://registry.npmjs.org/@rollup%2frollup-linux-loong64-gnu cache-miss
1556 http fetch GET 200 https://registry.npmjs.org/@esbuild%2ffreebsd-arm64 145ms (cache miss)
1557 silly packumentCache full:https://registry.npmjs.org/@esbuild%2ffreebsd-arm64 set size:undefined disposed:false
1558 silly fetch manifest @rollup/rollup-linux-loong64-musl@4.60.4
1559 silly packumentCache full:https://registry.npmjs.org/@rollup%2frollup-linux-loong64-musl cache-miss
1560 http fetch GET 200 https://registry.npmjs.org/@esbuild%2flinux-riscv64 139ms (cache miss)
1561 silly packumentCache full:https://registry.npmjs.org/@esbuild%2flinux-riscv64 set size:undefined disposed:false
1562 silly fetch manifest @rollup/rollup-linux-riscv64-gnu@4.60.4
1563 silly packumentCache full:https://registry.npmjs.org/@rollup%2frollup-linux-riscv64-gnu cache-miss
1564 http fetch GET 200 https://registry.npmjs.org/@esbuild%2flinux-mips64el 138ms (cache miss)
1565 silly packumentCache full:https://registry.npmjs.org/@esbuild%2flinux-mips64el set size:undefined disposed:false
1566 silly fetch manifest @rollup/rollup-linux-riscv64-musl@4.60.4
1567 silly packumentCache full:https://registry.npmjs.org/@rollup%2frollup-linux-riscv64-musl cache-miss
1568 http fetch GET 200 https://registry.npmjs.org/@rollup%2frollup-android-arm64 138ms (cache miss)
1569 silly packumentCache full:https://registry.npmjs.org/@rollup%2frollup-android-arm64 set size:undefined disposed:false
1570 silly fetch manifest @rollup/rollup-linux-ppc64-gnu@4.60.4
1571 silly packumentCache full:https://registry.npmjs.org/@rollup%2frollup-linux-ppc64-gnu cache-miss
1572 http fetch GET 200 https://registry.npmjs.org/@rollup%2frollup-darwin-arm64 148ms (cache miss)
1573 silly packumentCache full:https://registry.npmjs.org/@rollup%2frollup-darwin-arm64 set size:undefined disposed:false
1574 silly fetch manifest @rollup/rollup-linux-ppc64-musl@4.60.4
1575 silly packumentCache full:https://registry.npmjs.org/@rollup%2frollup-linux-ppc64-musl cache-miss
1576 http fetch GET 200 https://registry.npmjs.org/@rollup%2frollup-freebsd-arm64 145ms (cache miss)
1577 silly packumentCache full:https://registry.npmjs.org/@rollup%2frollup-freebsd-arm64 set size:undefined disposed:false
1578 silly fetch manifest @rollup/rollup-linux-s390x-gnu@4.60.4
1579 silly packumentCache full:https://registry.npmjs.org/@rollup%2frollup-linux-s390x-gnu cache-miss
1580 http fetch GET 200 https://registry.npmjs.org/@esbuild%2flinux-ia32 337ms (cache miss)
1581 silly packumentCache full:https://registry.npmjs.org/@esbuild%2flinux-ia32 set size:undefined disposed:false
1582 silly fetch manifest @rollup/rollup-darwin-x64@4.60.4
1583 silly packumentCache full:https://registry.npmjs.org/@rollup%2frollup-darwin-x64 cache-miss
1584 http fetch GET 200 https://registry.npmjs.org/@rollup%2frollup-linux-arm64-gnu 157ms (cache miss)
1585 silly packumentCache full:https://registry.npmjs.org/@rollup%2frollup-linux-arm64-gnu set size:undefined disposed:false
1586 silly fetch manifest @rollup/rollup-win32-x64-gnu@4.60.4
1587 silly packumentCache full:https://registry.npmjs.org/@rollup%2frollup-win32-x64-gnu cache-miss
1588 http fetch GET 200 https://registry.npmjs.org/@rollup%2frollup-win32-arm64-msvc 164ms (cache miss)
1589 silly packumentCache full:https://registry.npmjs.org/@rollup%2frollup-win32-arm64-msvc set size:undefined disposed:false
1590 silly fetch manifest @rollup/rollup-win32-x64-msvc@4.60.4
1591 silly packumentCache full:https://registry.npmjs.org/@rollup%2frollup-win32-x64-msvc cache-miss
1592 http fetch GET 200 https://registry.npmjs.org/@rollup%2frollup-linux-arm64-musl 126ms (cache miss)
1593 silly packumentCache full:https://registry.npmjs.org/@rollup%2frollup-linux-arm64-musl set size:undefined disposed:false
1594 silly fetch manifest @rollup/rollup-freebsd-x64@4.60.4
1595 silly packumentCache full:https://registry.npmjs.org/@rollup%2frollup-freebsd-x64 cache-miss
1596 http fetch GET 200 https://registry.npmjs.org/@rollup%2frollup-android-arm-eabi 128ms (cache miss)
1597 silly packumentCache full:https://registry.npmjs.org/@rollup%2frollup-android-arm-eabi set size:undefined disposed:false
1598 silly fetch manifest @rollup/rollup-linux-x64-gnu@4.60.4
1599 silly packumentCache full:https://registry.npmjs.org/@rollup%2frollup-linux-x64-gnu cache-miss
1600 http fetch GET 200 https://registry.npmjs.org/@rollup%2frollup-linux-arm-musleabihf 123ms (cache miss)
1601 silly packumentCache full:https://registry.npmjs.org/@rollup%2frollup-linux-arm-musleabihf set size:undefined disposed:false
1602 silly fetch manifest @rollup/rollup-linux-x64-musl@4.60.4
1603 silly packumentCache full:https://registry.npmjs.org/@rollup%2frollup-linux-x64-musl cache-miss
1604 http fetch GET 200 https://registry.npmjs.org/@rollup%2frollup-linux-loong64-gnu 122ms (cache miss)
1605 silly packumentCache full:https://registry.npmjs.org/@rollup%2frollup-linux-loong64-gnu set size:undefined disposed:false
1606 silly fetch manifest @rollup/rollup-openbsd-x64@4.60.4
1607 silly packumentCache full:https://registry.npmjs.org/@rollup%2frollup-openbsd-x64 cache-miss
1608 http fetch GET 200 https://registry.npmjs.org/@rollup%2frollup-linux-arm-gnueabihf 141ms (cache miss)
1609 silly packumentCache full:https://registry.npmjs.org/@rollup%2frollup-linux-arm-gnueabihf set size:undefined disposed:false
1610 silly fetch manifest @rollup/rollup-openharmony-arm64@4.60.4
1611 silly packumentCache full:https://registry.npmjs.org/@rollup%2frollup-openharmony-arm64 cache-miss
1612 http fetch GET 200 https://registry.npmjs.org/@rollup%2frollup-linux-loong64-musl 127ms (cache miss)
1613 silly packumentCache full:https://registry.npmjs.org/@rollup%2frollup-linux-loong64-musl set size:undefined disposed:false
1614 http fetch GET 200 https://registry.npmjs.org/@rollup%2frollup-win32-ia32-msvc 143ms (cache miss)
1615 silly packumentCache full:https://registry.npmjs.org/@rollup%2frollup-win32-ia32-msvc set size:undefined disposed:false
1616 http fetch GET 200 https://registry.npmjs.org/@rollup%2frollup-linux-riscv64-musl 129ms (cache miss)
1617 silly packumentCache full:https://registry.npmjs.org/@rollup%2frollup-linux-riscv64-musl set size:undefined disposed:false
1618 http fetch GET 200 https://registry.npmjs.org/@rollup%2frollup-linux-riscv64-gnu 136ms (cache miss)
1619 silly packumentCache full:https://registry.npmjs.org/@rollup%2frollup-linux-riscv64-gnu set size:undefined disposed:false
1620 http fetch GET 200 https://registry.npmjs.org/@rollup%2frollup-linux-ppc64-musl 118ms (cache miss)
1621 silly packumentCache full:https://registry.npmjs.org/@rollup%2frollup-linux-ppc64-musl set size:undefined disposed:false
1622 http fetch GET 200 https://registry.npmjs.org/@rollup%2frollup-linux-ppc64-gnu 146ms (cache miss)
1623 silly packumentCache full:https://registry.npmjs.org/@rollup%2frollup-linux-ppc64-gnu set size:undefined disposed:false
1624 http fetch GET 200 https://registry.npmjs.org/@rollup%2frollup-win32-x64-gnu 127ms (cache miss)
1625 silly packumentCache full:https://registry.npmjs.org/@rollup%2frollup-win32-x64-gnu set size:undefined disposed:false
1626 http fetch GET 200 https://registry.npmjs.org/@rollup%2frollup-darwin-x64 132ms (cache miss)
1627 silly packumentCache full:https://registry.npmjs.org/@rollup%2frollup-darwin-x64 set size:undefined disposed:false
1628 http fetch GET 200 https://registry.npmjs.org/@rollup%2frollup-linux-s390x-gnu 157ms (cache miss)
1629 silly packumentCache full:https://registry.npmjs.org/@rollup%2frollup-linux-s390x-gnu set size:undefined disposed:false
1630 http fetch GET 200 https://registry.npmjs.org/@rollup%2frollup-win32-x64-msvc 145ms (cache miss)
1631 silly packumentCache full:https://registry.npmjs.org/@rollup%2frollup-win32-x64-msvc set size:undefined disposed:false
1632 http fetch GET 200 https://registry.npmjs.org/@rollup%2frollup-freebsd-x64 125ms (cache miss)
1633 silly packumentCache full:https://registry.npmjs.org/@rollup%2frollup-freebsd-x64 set size:undefined disposed:false
1634 http fetch GET 200 https://registry.npmjs.org/@rollup%2frollup-linux-x64-gnu 140ms (cache miss)
1635 silly packumentCache full:https://registry.npmjs.org/@rollup%2frollup-linux-x64-gnu set size:undefined disposed:false
1636 http fetch GET 200 https://registry.npmjs.org/@rollup%2frollup-openbsd-x64 118ms (cache miss)
1637 silly packumentCache full:https://registry.npmjs.org/@rollup%2frollup-openbsd-x64 set size:undefined disposed:false
1638 http fetch GET 200 https://registry.npmjs.org/@rollup%2frollup-linux-x64-musl 129ms (cache miss)
1639 silly packumentCache full:https://registry.npmjs.org/@rollup%2frollup-linux-x64-musl set size:undefined disposed:false
1640 http fetch GET 200 https://registry.npmjs.org/@rollup%2frollup-openharmony-arm64 153ms (cache miss)
1641 silly packumentCache full:https://registry.npmjs.org/@rollup%2frollup-openharmony-arm64 set size:undefined disposed:false
1642 silly placeDep ROOT @esbuild/aix-ppc64@0.21.5 OK for: esbuild@0.21.5 want: 0.21.5
1643 silly placeDep ROOT @esbuild/android-arm@0.21.5 OK for: esbuild@0.21.5 want: 0.21.5
1644 silly placeDep ROOT @esbuild/android-arm64@0.21.5 OK for: esbuild@0.21.5 want: 0.21.5
1645 silly placeDep ROOT @esbuild/android-x64@0.21.5 OK for: esbuild@0.21.5 want: 0.21.5
1646 silly placeDep ROOT @esbuild/darwin-arm64@0.21.5 OK for: esbuild@0.21.5 want: 0.21.5
1647 silly placeDep ROOT @esbuild/darwin-x64@0.21.5 OK for: esbuild@0.21.5 want: 0.21.5
1648 silly placeDep ROOT @esbuild/freebsd-arm64@0.21.5 OK for: esbuild@0.21.5 want: 0.21.5
1649 silly placeDep ROOT @esbuild/freebsd-x64@0.21.5 OK for: esbuild@0.21.5 want: 0.21.5
1650 silly placeDep ROOT @esbuild/linux-arm@0.21.5 OK for: esbuild@0.21.5 want: 0.21.5
1651 silly placeDep ROOT @esbuild/linux-arm64@0.21.5 OK for: esbuild@0.21.5 want: 0.21.5
1652 silly placeDep ROOT @esbuild/linux-ia32@0.21.5 OK for: esbuild@0.21.5 want: 0.21.5
1653 silly placeDep ROOT @esbuild/linux-loong64@0.21.5 OK for: esbuild@0.21.5 want: 0.21.5
1654 silly placeDep ROOT @esbuild/linux-mips64el@0.21.5 OK for: esbuild@0.21.5 want: 0.21.5
1655 silly placeDep ROOT @esbuild/linux-ppc64@0.21.5 OK for: esbuild@0.21.5 want: 0.21.5
1656 silly placeDep ROOT @esbuild/linux-riscv64@0.21.5 OK for: esbuild@0.21.5 want: 0.21.5
1657 silly placeDep ROOT @esbuild/linux-s390x@0.21.5 OK for: esbuild@0.21.5 want: 0.21.5
1658 silly placeDep ROOT @esbuild/linux-x64@0.21.5 OK for: esbuild@0.21.5 want: 0.21.5
1659 silly placeDep ROOT @esbuild/netbsd-x64@0.21.5 OK for: esbuild@0.21.5 want: 0.21.5
1660 silly placeDep ROOT @esbuild/openbsd-x64@0.21.5 OK for: esbuild@0.21.5 want: 0.21.5
1661 silly placeDep ROOT @esbuild/sunos-x64@0.21.5 OK for: esbuild@0.21.5 want: 0.21.5
1662 silly placeDep ROOT @esbuild/win32-arm64@0.21.5 OK for: esbuild@0.21.5 want: 0.21.5
1663 silly placeDep ROOT @esbuild/win32-ia32@0.21.5 OK for: esbuild@0.21.5 want: 0.21.5
1664 silly placeDep ROOT @esbuild/win32-x64@0.21.5 OK for: esbuild@0.21.5 want: 0.21.5
1665 silly placeDep ROOT @rollup/rollup-android-arm-eabi@4.60.4 OK for: rollup@4.60.4 want: 4.60.4
1666 silly placeDep ROOT @rollup/rollup-android-arm64@4.60.4 OK for: rollup@4.60.4 want: 4.60.4
1667 silly placeDep ROOT @rollup/rollup-darwin-arm64@4.60.4 OK for: rollup@4.60.4 want: 4.60.4
1668 silly placeDep ROOT @rollup/rollup-darwin-x64@4.60.4 OK for: rollup@4.60.4 want: 4.60.4
1669 silly placeDep ROOT @rollup/rollup-freebsd-arm64@4.60.4 OK for: rollup@4.60.4 want: 4.60.4
1670 silly placeDep ROOT @rollup/rollup-freebsd-x64@4.60.4 OK for: rollup@4.60.4 want: 4.60.4
1671 silly placeDep ROOT @rollup/rollup-linux-arm-gnueabihf@4.60.4 OK for: rollup@4.60.4 want: 4.60.4
1672 silly placeDep ROOT @rollup/rollup-linux-arm-musleabihf@4.60.4 OK for: rollup@4.60.4 want: 4.60.4
1673 silly placeDep ROOT @rollup/rollup-linux-arm64-gnu@4.60.4 OK for: rollup@4.60.4 want: 4.60.4
1674 silly placeDep ROOT @rollup/rollup-linux-arm64-musl@4.60.4 OK for: rollup@4.60.4 want: 4.60.4
1675 silly placeDep ROOT @rollup/rollup-linux-loong64-gnu@4.60.4 OK for: rollup@4.60.4 want: 4.60.4
1676 silly placeDep ROOT @rollup/rollup-linux-loong64-musl@4.60.4 OK for: rollup@4.60.4 want: 4.60.4
1677 silly placeDep ROOT @rollup/rollup-linux-ppc64-gnu@4.60.4 OK for: rollup@4.60.4 want: 4.60.4
1678 silly placeDep ROOT @rollup/rollup-linux-ppc64-musl@4.60.4 OK for: rollup@4.60.4 want: 4.60.4
1679 silly placeDep ROOT @rollup/rollup-linux-riscv64-gnu@4.60.4 OK for: rollup@4.60.4 want: 4.60.4
1680 silly placeDep ROOT @rollup/rollup-linux-riscv64-musl@4.60.4 OK for: rollup@4.60.4 want: 4.60.4
1681 silly placeDep ROOT @rollup/rollup-linux-s390x-gnu@4.60.4 OK for: rollup@4.60.4 want: 4.60.4
1682 silly placeDep ROOT @rollup/rollup-linux-x64-gnu@4.60.4 OK for: rollup@4.60.4 want: 4.60.4
1683 silly placeDep ROOT @rollup/rollup-linux-x64-musl@4.60.4 OK for: rollup@4.60.4 want: 4.60.4
1684 silly placeDep ROOT @rollup/rollup-openbsd-x64@4.60.4 OK for: rollup@4.60.4 want: 4.60.4
1685 silly placeDep ROOT @rollup/rollup-openharmony-arm64@4.60.4 OK for: rollup@4.60.4 want: 4.60.4
1686 silly placeDep ROOT @rollup/rollup-win32-arm64-msvc@4.60.4 OK for: rollup@4.60.4 want: 4.60.4
1687 silly placeDep ROOT @rollup/rollup-win32-ia32-msvc@4.60.4 OK for: rollup@4.60.4 want: 4.60.4
1688 silly placeDep ROOT @rollup/rollup-win32-x64-gnu@4.60.4 OK for: rollup@4.60.4 want: 4.60.4
1689 silly placeDep ROOT @rollup/rollup-win32-x64-msvc@4.60.4 OK for: rollup@4.60.4 want: 4.60.4
1690 silly placeDep ROOT @types/estree@1.0.8 OK for: rollup@4.60.4 want: 1.0.8
1691 silly reify moves {}
1692 silly audit bulk request {
1692 silly audit   '@ant-design/icons': [ '5.6.1' ],
1692 silly audit   react: [ '18.3.1' ],
1692 silly audit   'react-dom': [ '18.3.1' ],
1692 silly audit   '@types/react': [ '18.3.29' ],
1692 silly audit   '@types/react-dom': [ '18.3.7' ],
1692 silly audit   '@vitejs/plugin-react': [ '4.7.0' ],
1692 silly audit   vite: [ '5.4.21' ],
1692 silly audit   antd: [ '5.29.3' ],
1692 silly audit   autoprefixer: [ '10.5.0' ],
1692 silly audit   postcss: [ '8.5.15' ],
1692 silly audit   axios: [ '1.16.1' ],
1692 silly audit   dayjs: [ '1.11.20' ],
1692 silly audit   leaflet: [ '1.9.4' ],
1692 silly audit   'react-leaflet': [ '4.2.1' ],
1692 silly audit   'react-router-dom': [ '6.30.3' ],
1692 silly audit   tailwindcss: [ '3.4.19' ],
1692 silly audit   '@ant-design/colors': [ '7.2.1' ],
1692 silly audit   '@ant-design/icons-svg': [ '4.4.2' ],
1692 silly audit   '@babel/runtime': [ '7.29.2' ],
1692 silly audit   classnames: [ '2.5.1' ],
1692 silly audit   'rc-util': [ '5.44.4' ],
1692 silly audit   '@ant-design/fast-color': [ '2.0.6' ],
1692 silly audit   '@types/prop-types': [ '15.7.15' ],
1692 silly audit   csstype: [ '3.2.3' ],
1692 silly audit   '@babel/core': [ '7.29.0' ],
1692 silly audit   '@babel/plugin-transform-react-jsx-self': [ '7.27.1' ],
1692 silly audit   '@babel/plugin-transform-react-jsx-source': [ '7.27.1' ],
1692 silly audit   '@rolldown/pluginutils': [ '1.0.0-beta.27' ],
1692 silly audit   '@types/babel__core': [ '7.20.5' ],
1692 silly audit   'react-refresh': [ '0.17.0' ],
1692 silly audit   '@babel/code-frame': [ '7.29.0' ],
1692 silly audit   '@babel/generator': [ '7.29.1' ],
1692 silly audit   '@babel/helper-compilation-targets': [ '7.28.6' ],
1692 silly audit   '@babel/helper-module-transforms': [ '7.28.6' ],
1692 silly audit   '@babel/helpers': [ '7.29.2' ],
1692 silly audit   '@babel/parser': [ '7.29.3' ],
1692 silly audit   '@babel/template': [ '7.28.6' ],
1692 silly audit   '@babel/traverse': [ '7.29.0' ],
1692 silly audit   '@babel/types': [ '7.29.0' ],
1692 silly audit   '@jridgewell/remapping': [ '2.3.5' ],
1692 silly audit   'convert-source-map': [ '2.0.0' ],
1692 silly audit   debug: [ '4.4.3' ],
1692 silly audit   gensync: [ '1.0.0-beta.2' ],
1692 silly audit   json5: [ '2.2.3' ],
1692 silly audit   semver: [ '6.3.1' ],
1692 silly audit   '@babel/helper-validator-identifier': [ '7.28.5' ],
1692 silly audit   'js-tokens': [ '4.0.0' ],
1692 silly audit   picocolors: [ '1.1.1' ],
1692 silly audit   '@jridgewell/gen-mapping': [ '0.3.13' ],
1692 silly audit   '@jridgewell/trace-mapping': [ '0.3.31' ],
1692 silly audit   jsesc: [ '3.1.0' ],
1692 silly audit   '@babel/compat-data': [ '7.29.3' ],
1692 silly audit   '@babel/helper-validator-option': [ '7.27.1' ],
1692 silly audit   browserslist: [ '4.28.2' ],
1692 silly audit   'lru-cache': [ '5.1.1' ],
1692 silly audit   '@babel/helper-module-imports': [ '7.28.6' ],
1692 silly audit   '@babel/helper-plugin-utils': [ '7.28.6' ],
1692 silly audit   '@babel/helper-globals': [ '7.28.0' ],
1692 silly audit   '@babel/helper-string-parser': [ '7.27.1' ],
1692 silly audit   '@jridgewell/sourcemap-codec': [ '1.5.5' ],
1692 silly audit   '@jridgewell/resolve-uri': [ '3.1.2' ],
1692 silly audit   '@types/babel__generator': [ '7.27.0' ],
1692 silly audit   '@types/babel__template': [ '7.4.4' ],
1692 silly audit   '@types/babel__traverse': [ '7.28.0' ],
1692 silly audit   '@ant-design/cssinjs': [ '1.24.0' ],
1692 silly audit   '@ant-design/cssinjs-utils': [ '1.1.3' ],
1692 silly audit   '@ant-design/react-slick': [ '1.1.2' ],
1692 silly audit   '@rc-component/color-picker': [ '2.0.1' ],
1692 silly audit   '@rc-component/mutate-observer': [ '1.1.0' ],
1692 silly audit   '@rc-component/qrcode': [ '1.1.1' ],
1692 silly audit   '@rc-component/tour': [ '1.15.1' ],
1692 silly audit   '@rc-component/trigger': [ '2.3.1' ],
1692 silly audit   'copy-to-clipboard': [ '3.3.3' ],
1692 silly audit   'rc-cascader': [ '3.34.0' ],
1692 silly audit   'rc-checkbox': [ '3.5.0' ],
1692 silly audit   'rc-collapse': [ '3.9.0' ],
1692 silly audit   'rc-dialog': [ '9.6.0' ],
1692 silly audit   'rc-drawer': [ '7.3.0' ],
1692 silly audit   'rc-dropdown': [ '4.2.1' ],
1692 silly audit   'rc-field-form': [ '2.7.1' ],
1692 silly audit   'rc-image': [ '7.12.0' ],
1692 silly audit   'rc-input': [ '1.8.0' ],
1692 silly audit   'rc-input-number': [ '9.5.0' ],
1692 silly audit   'rc-mentions': [ '2.20.0' ],
1692 silly audit   'rc-menu': [ '9.16.1' ],
1692 silly audit   'rc-motion': [ '2.9.5' ],
1692 silly audit   'rc-notification': [ '5.6.4' ],
1692 silly audit   'rc-pagination': [ '5.1.0' ],
1692 silly audit   'rc-picker': [ '4.11.3' ],
1692 silly audit   'rc-progress': [ '4.0.0' ],
1692 silly audit   'rc-rate': [ '2.13.1' ],
1692 silly audit   'rc-resize-observer': [ '1.4.3' ],
1692 silly audit   'rc-segmented': [ '2.7.1' ],
1692 silly audit   'rc-select': [ '14.16.8' ],
1692 silly audit   'rc-slider': [ '11.1.9' ],
1692 silly audit   'rc-steps': [ '6.0.1' ],
1692 silly audit   'rc-switch': [ '4.1.0' ],
1692 silly audit   'rc-table': [ '7.54.0' ],
1692 silly audit   'rc-tabs': [ '15.7.0' ],
1692 silly audit   'rc-textarea': [ '1.10.2' ],
1692 silly audit   'rc-tooltip': [ '6.4.0' ],
1692 silly audit   'rc-tree': [ '5.13.1' ],
1692 silly audit   'rc-tree-select': [ '5.27.0' ],
1692 silly audit   'rc-upload': [ '4.11.0' ],
1692 silly audit   'scroll-into-view-if-needed': [ '3.1.0' ],
1692 silly audit   'throttle-debounce': [ '5.0.2' ],
1692 silly audit   '@emotion/hash': [ '0.8.0' ],
1692 silly audit   '@emotion/unitless': [ '0.7.5' ],
1692 silly audit   stylis: [ '4.4.0' ],
1692 silly audit   json2mq: [ '0.2.0' ],
1692 silly audit   'resize-observer-polyfill': [ '1.5.1' ],
1692 silly audit   '@rc-component/portal': [ '1.1.2' ],
1692 silly audit   'caniuse-lite': [ '1.0.30001793' ],
1692 silly audit   'fraction.js': [ '5.3.4' ],
1692 silly audit   'postcss-value-parser': [ '4.2.0' ],
1692 silly audit   'follow-redirects': [ '1.16.0' ],
1692 silly audit   'form-data': [ '4.0.5' ],
1692 silly audit   'https-proxy-agent': [ '5.0.1' ],
1692 silly audit   'proxy-from-env': [ '2.1.0' ],
1692 silly audit   'baseline-browser-mapping': [ '2.10.32' ],
1692 silly audit   'electron-to-chromium': [ '1.5.361' ],
1692 silly audit   'node-releases': [ '2.0.46' ],
1692 silly audit   'update-browserslist-db': [ '1.2.3' ],
1692 silly audit   'toggle-selection': [ '1.0.6' ],
1692 silly audit   ms: [ '2.1.3' ],
1692 silly audit   asynckit: [ '0.4.0' ],
1692 silly audit   'combined-stream': [ '1.0.8' ],
1692 silly audit   'es-set-tostringtag': [ '2.1.0' ],
1692 silly audit   hasown: [ '2.0.3' ],
1692 silly audit   'mime-types': [ '2.1.35' ],
1692 silly audit   'delayed-stream': [ '1.0.0' ],
1692 silly audit   'es-errors': [ '1.3.0' ],
1692 silly audit   'get-intrinsic': [ '1.3.0' ],
1692 silly audit   'has-tostringtag': [ '1.0.2' ],
1692 silly audit   'call-bind-apply-helpers': [ '1.0.2' ],
1692 silly audit   'es-define-property': [ '1.0.1' ],
1692 silly audit   'es-object-atoms': [ '1.1.2' ],
1692 silly audit   'function-bind': [ '1.1.2' ],
1692 silly audit   'get-proto': [ '1.0.1' ],
1692 silly audit   gopd: [ '1.2.0' ],
1692 silly audit   'has-symbols': [ '1.1.0' ],
1692 silly audit   'math-intrinsics': [ '1.1.0' ],
1692 silly audit   'dunder-proto': [ '1.0.1' ],
1692 silly audit   'agent-base': [ '6.0.2' ],
1692 silly audit   'string-convert': [ '0.2.1' ],
1692 silly audit   yallist: [ '3.1.1' ],
1692 silly audit   'mime-db': [ '1.52.0' ],
1692 silly audit   nanoid: [ '3.3.12' ],
1692 silly audit   'source-map-js': [ '1.2.1' ],
1692 silly audit   '@rc-component/async-validator': [ '5.1.0' ],
1692 silly audit   '@rc-component/mini-decimal': [ '1.1.3' ],
1692 silly audit   'rc-overflow': [ '1.5.0' ],
1692 silly audit   'rc-virtual-list': [ '3.19.2' ],
1692 silly audit   '@rc-component/context': [ '1.4.0' ],
1692 silly audit   'react-is': [ '18.3.1' ],
1692 silly audit   'loose-envify': [ '1.4.0' ],
1692 silly audit   scheduler: [ '0.23.2' ],
1692 silly audit   '@react-leaflet/core': [ '2.1.0' ],
1692 silly audit   '@remix-run/router': [ '1.23.2' ],
1692 silly audit   'react-router': [ '6.30.3' ],
1692 silly audit   'compute-scroll-into-view': [ '3.1.1' ],
1692 silly audit   '@alloc/quick-lru': [ '5.2.0' ],
1692 silly audit   arg: [ '5.0.2' ],
1692 silly audit   chokidar: [ '3.6.0' ],
1692 silly audit   didyoumean: [ '1.2.2' ],
1692 silly audit   dlv: [ '1.1.3' ],
1692 silly audit   'fast-glob': [ '3.3.3' ],
1692 silly audit   'glob-parent': [ '6.0.2', '5.1.2' ],
1692 silly audit   'is-glob': [ '4.0.3' ],
1692 silly audit   jiti: [ '1.21.7' ],
1692 silly audit   lilconfig: [ '3.1.3' ],
1692 silly audit   micromatch: [ '4.0.8' ],
1692 silly audit   'normalize-path': [ '3.0.0' ],
1692 silly audit   'object-hash': [ '3.0.0' ],
1692 silly audit   'postcss-import': [ '15.1.0' ],
1692 silly audit   'postcss-js': [ '4.1.0' ],
1692 silly audit   'postcss-load-config': [ '6.0.1' ],
1692 silly audit   'postcss-nested': [ '6.2.0' ],
1692 silly audit   'postcss-selector-parser': [ '6.1.2' ],
1692 silly audit   resolve: [ '1.22.12' ],
1692 silly audit   sucrase: [ '3.35.1' ],
1692 silly audit   anymatch: [ '3.1.3' ],
1692 silly audit   braces: [ '3.0.3' ],
1692 silly audit   fsevents: [ '2.3.3' ],
1692 silly audit   'is-binary-path': [ '2.1.0' ],
1692 silly audit   readdirp: [ '3.6.0' ],
1692 silly audit   picomatch: [ '2.3.2', '4.0.4' ],
1692 silly audit   'fill-range': [ '7.1.1' ],
1692 silly audit   '@nodelib/fs.stat': [ '2.0.5' ],
1692 silly audit   '@nodelib/fs.walk': [ '1.2.8' ],
1692 silly audit   merge2: [ '1.4.1' ],
1692 silly audit   '@nodelib/fs.scandir': [ '2.1.5' ],
1692 silly audit   fastq: [ '1.20.1' ],
1692 silly audit   'run-parallel': [ '1.2.0' ],
1692 silly audit   reusify: [ '1.1.0' ],
1692 silly audit   'to-regex-range': [ '5.0.1' ],
1692 silly audit   'binary-extensions': [ '2.3.0' ],
1692 silly audit   'is-extglob': [ '2.1.1' ],
1692 silly audit   'read-cache': [ '1.0.0' ],
1692 silly audit   'camelcase-css': [ '2.0.1' ],
1692 silly audit   cssesc: [ '3.0.0' ],
1692 silly audit   'util-deprecate': [ '1.0.2' ],
1692 silly audit   pify: [ '2.3.0' ],
1692 silly audit   'is-core-module': [ '2.16.2' ],
1692 silly audit   'path-parse': [ '1.0.7' ],
1692 silly audit   'supports-preserve-symlinks-flag': [ '1.0.0' ],
1692 silly audit   'queue-microtask': [ '1.2.3' ],
1692 silly audit   commander: [ '4.1.1' ],
1692 silly audit   'lines-and-columns': [ '1.2.4' ],
1692 silly audit   mz: [ '2.7.0' ],
1692 silly audit   pirates: [ '4.0.7' ],
1692 silly audit   tinyglobby: [ '0.2.16' ],
1692 silly audit   'ts-interface-checker': [ '0.1.13' ],
1692 silly audit   'any-promise': [ '1.3.0' ],
1692 silly audit   'object-assign': [ '4.1.1' ],
1692 silly audit   'thenify-all': [ '1.6.0' ],
1692 silly audit   thenify: [ '3.3.1' ],
1692 silly audit   fdir: [ '6.5.0' ],
1692 silly audit   'is-number': [ '7.0.0' ],
1692 silly audit   escalade: [ '3.2.0' ],
1692 silly audit   esbuild: [ '0.21.5' ],
1692 silly audit   rollup: [ '4.60.4' ],
1692 silly audit   '@esbuild/aix-ppc64': [ '0.21.5' ],
1692 silly audit   '@esbuild/android-arm': [ '0.21.5' ],
1692 silly audit   '@esbuild/android-arm64': [ '0.21.5' ],
1692 silly audit   '@esbuild/android-x64': [ '0.21.5' ],
1692 silly audit   '@esbuild/darwin-arm64': [ '0.21.5' ],
1692 silly audit   '@esbuild/darwin-x64': [ '0.21.5' ],
1692 silly audit   '@esbuild/freebsd-arm64': [ '0.21.5' ],
1692 silly audit   '@esbuild/freebsd-x64': [ '0.21.5' ],
1692 silly audit   '@esbuild/linux-arm': [ '0.21.5' ],
1692 silly audit   '@esbuild/linux-arm64': [ '0.21.5' ],
1692 silly audit   '@esbuild/linux-ia32': [ '0.21.5' ],
1692 silly audit   '@esbuild/linux-loong64': [ '0.21.5' ],
1692 silly audit   '@esbuild/linux-mips64el': [ '0.21.5' ],
1692 silly audit   '@esbuild/linux-ppc64': [ '0.21.5' ],
1692 silly audit   '@esbuild/linux-riscv64': [ '0.21.5' ],
1692 silly audit   '@esbuild/linux-s390x': [ '0.21.5' ],
1692 silly audit   '@esbuild/linux-x64': [ '0.21.5' ],
1692 silly audit   '@esbuild/netbsd-x64': [ '0.21.5' ],
1692 silly audit   '@esbuild/openbsd-x64': [ '0.21.5' ],
1692 silly audit   '@esbuild/sunos-x64': [ '0.21.5' ],
1692 silly audit   '@esbuild/win32-arm64': [ '0.21.5' ],
1692 silly audit   '@esbuild/win32-ia32': [ '0.21.5' ],
1692 silly audit   '@esbuild/win32-x64': [ '0.21.5' ],
1692 silly audit   '@rollup/rollup-android-arm-eabi': [ '4.60.4' ],
1692 silly audit   '@rollup/rollup-android-arm64': [ '4.60.4' ],
1692 silly audit   '@rollup/rollup-darwin-arm64': [ '4.60.4' ],
1692 silly audit   '@rollup/rollup-darwin-x64': [ '4.60.4' ],
1692 silly audit   '@rollup/rollup-freebsd-arm64': [ '4.60.4' ],
1692 silly audit   '@rollup/rollup-freebsd-x64': [ '4.60.4' ],
1692 silly audit   '@rollup/rollup-linux-arm-gnueabihf': [ '4.60.4' ],
1692 silly audit   '@rollup/rollup-linux-arm-musleabihf': [ '4.60.4' ],
1692 silly audit   '@rollup/rollup-linux-arm64-gnu': [ '4.60.4' ],
1692 silly audit   '@rollup/rollup-linux-arm64-musl': [ '4.60.4' ],
1692 silly audit   '@rollup/rollup-linux-loong64-gnu': [ '4.60.4' ],
1692 silly audit   '@rollup/rollup-linux-loong64-musl': [ '4.60.4' ],
1692 silly audit   '@rollup/rollup-linux-ppc64-gnu': [ '4.60.4' ],
1692 silly audit   '@rollup/rollup-linux-ppc64-musl': [ '4.60.4' ],
1692 silly audit   '@rollup/rollup-linux-riscv64-gnu': [ '4.60.4' ],
1692 silly audit   '@rollup/rollup-linux-riscv64-musl': [ '4.60.4' ],
1692 silly audit   '@rollup/rollup-linux-s390x-gnu': [ '4.60.4' ],
1692 silly audit   '@rollup/rollup-linux-x64-gnu': [ '4.60.4' ],
1692 silly audit   '@rollup/rollup-linux-x64-musl': [ '4.60.4' ],
1692 silly audit   '@rollup/rollup-openbsd-x64': [ '4.60.4' ],
1692 silly audit   '@rollup/rollup-openharmony-arm64': [ '4.60.4' ],
1692 silly audit   '@rollup/rollup-win32-arm64-msvc': [ '4.60.4' ],
1692 silly audit   '@rollup/rollup-win32-ia32-msvc': [ '4.60.4' ],
1692 silly audit   '@rollup/rollup-win32-x64-gnu': [ '4.60.4' ],
1692 silly audit   '@rollup/rollup-win32-x64-msvc': [ '4.60.4' ],
1692 silly audit   '@types/estree': [ '1.0.8' ]
1692 silly audit }
1693 http cache @types/estree@https://registry.npmjs.org/@types/estree/-/estree-1.0.8.tgz 0ms (cache hit)
1694 http cache @esbuild/win32-x64@https://registry.npmjs.org/@esbuild/win32-x64/-/win32-x64-0.21.5.tgz 0ms (cache hit)
1695 http cache @rollup/rollup-win32-x64-msvc@https://registry.npmjs.org/@rollup/rollup-win32-x64-msvc/-/rollup-win32-x64-msvc-4.60.4.tgz 0ms (cache hit)
1696 http cache rollup@https://registry.npmjs.org/rollup/-/rollup-4.60.4.tgz 0ms (cache hit)
1697 http cache @rollup/rollup-win32-x64-gnu@https://registry.npmjs.org/@rollup/rollup-win32-x64-gnu/-/rollup-win32-x64-gnu-4.60.4.tgz 0ms (cache hit)
1698 http cache escalade@https://registry.npmjs.org/escalade/-/escalade-3.2.0.tgz 0ms (cache hit)
1699 http cache thenify-all@https://registry.npmjs.org/thenify-all/-/thenify-all-1.6.0.tgz 0ms (cache hit)
1700 http cache is-number@https://registry.npmjs.org/is-number/-/is-number-7.0.0.tgz 0ms (cache hit)
1701 http cache thenify@https://registry.npmjs.org/thenify/-/thenify-3.3.1.tgz 0ms (cache hit)
1702 http cache esbuild@https://registry.npmjs.org/esbuild/-/esbuild-0.21.5.tgz 0ms (cache hit)
1703 http cache object-assign@https://registry.npmjs.org/object-assign/-/object-assign-4.1.1.tgz 0ms (cache hit)
1704 http cache mz@https://registry.npmjs.org/mz/-/mz-2.7.0.tgz 0ms (cache hit)
1705 http cache tinyglobby@https://registry.npmjs.org/tinyglobby/-/tinyglobby-0.2.16.tgz 0ms (cache hit)
1706 http cache pirates@https://registry.npmjs.org/pirates/-/pirates-4.0.7.tgz 0ms (cache hit)
1707 http cache any-promise@https://registry.npmjs.org/any-promise/-/any-promise-1.3.0.tgz 0ms (cache hit)
1708 http cache ts-interface-checker@https://registry.npmjs.org/ts-interface-checker/-/ts-interface-checker-0.1.13.tgz 0ms (cache hit)
1709 http cache commander@https://registry.npmjs.org/commander/-/commander-4.1.1.tgz 0ms (cache hit)
1710 http cache is-core-module@https://registry.npmjs.org/is-core-module/-/is-core-module-2.16.2.tgz 0ms (cache hit)
1711 http cache queue-microtask@https://registry.npmjs.org/queue-microtask/-/queue-microtask-1.2.3.tgz 0ms (cache hit)
1712 http cache lines-and-columns@https://registry.npmjs.org/lines-and-columns/-/lines-and-columns-1.2.4.tgz 0ms (cache hit)
1713 http cache supports-preserve-symlinks-flag@https://registry.npmjs.org/supports-preserve-symlinks-flag/-/supports-preserve-symlinks-flag-1.0.0.tgz 0ms (cache hit)
1714 http cache path-parse@https://registry.npmjs.org/path-parse/-/path-parse-1.0.7.tgz 0ms (cache hit)
1715 http cache cssesc@https://registry.npmjs.org/cssesc/-/cssesc-3.0.0.tgz 0ms (cache hit)
1716 http cache pify@https://registry.npmjs.org/pify/-/pify-2.3.0.tgz 0ms (cache hit)
1717 http cache read-cache@https://registry.npmjs.org/read-cache/-/read-cache-1.0.0.tgz 0ms (cache hit)
1718 http cache binary-extensions@https://registry.npmjs.org/binary-extensions/-/binary-extensions-2.3.0.tgz 0ms (cache hit)
1719 http cache is-extglob@https://registry.npmjs.org/is-extglob/-/is-extglob-2.1.1.tgz 0ms (cache hit)
1720 http cache util-deprecate@https://registry.npmjs.org/util-deprecate/-/util-deprecate-1.0.2.tgz 0ms (cache hit)
1721 http cache reusify@https://registry.npmjs.org/reusify/-/reusify-1.1.0.tgz 0ms (cache hit)
1722 http cache fastq@https://registry.npmjs.org/fastq/-/fastq-1.20.1.tgz 0ms (cache hit)
1723 http cache @nodelib/fs.scandir@https://registry.npmjs.org/@nodelib/fs.scandir/-/fs.scandir-2.1.5.tgz 0ms (cache hit)
1724 http cache @nodelib/fs.walk@https://registry.npmjs.org/@nodelib/fs.walk/-/fs.walk-1.2.8.tgz 0ms (cache hit)
1725 http cache run-parallel@https://registry.npmjs.org/run-parallel/-/run-parallel-1.2.0.tgz 0ms (cache hit)
1726 http cache to-regex-range@https://registry.npmjs.org/to-regex-range/-/to-regex-range-5.0.1.tgz 0ms (cache hit)
1727 http cache @nodelib/fs.stat@https://registry.npmjs.org/@nodelib/fs.stat/-/fs.stat-2.0.5.tgz 0ms (cache hit)
1728 http cache camelcase-css@https://registry.npmjs.org/camelcase-css/-/camelcase-css-2.0.1.tgz 0ms (cache hit)
1729 http cache merge2@https://registry.npmjs.org/merge2/-/merge2-1.4.1.tgz 0ms (cache hit)
1730 http cache is-binary-path@https://registry.npmjs.org/is-binary-path/-/is-binary-path-2.1.0.tgz 0ms (cache hit)
1731 http cache fill-range@https://registry.npmjs.org/fill-range/-/fill-range-7.1.1.tgz 0ms (cache hit)
1732 http cache braces@https://registry.npmjs.org/braces/-/braces-3.0.3.tgz 0ms (cache hit)
1733 http cache picomatch@https://registry.npmjs.org/picomatch/-/picomatch-2.3.2.tgz 0ms (cache hit)
1734 http cache anymatch@https://registry.npmjs.org/anymatch/-/anymatch-3.1.3.tgz 0ms (cache hit)
1735 http cache sucrase@https://registry.npmjs.org/sucrase/-/sucrase-3.35.1.tgz 0ms (cache hit)
1736 http cache postcss-selector-parser@https://registry.npmjs.org/postcss-selector-parser/-/postcss-selector-parser-6.1.2.tgz 0ms (cache hit)
1737 http cache postcss-nested@https://registry.npmjs.org/postcss-nested/-/postcss-nested-6.2.0.tgz 0ms (cache hit)
1738 http cache readdirp@https://registry.npmjs.org/readdirp/-/readdirp-3.6.0.tgz 0ms (cache hit)
1739 http cache resolve@https://registry.npmjs.org/resolve/-/resolve-1.22.12.tgz 0ms (cache hit)
1740 http cache postcss-load-config@https://registry.npmjs.org/postcss-load-config/-/postcss-load-config-6.0.1.tgz 0ms (cache hit)
1741 http cache postcss-import@https://registry.npmjs.org/postcss-import/-/postcss-import-15.1.0.tgz 0ms (cache hit)
1742 http cache normalize-path@https://registry.npmjs.org/normalize-path/-/normalize-path-3.0.0.tgz 0ms (cache hit)
1743 http cache object-hash@https://registry.npmjs.org/object-hash/-/object-hash-3.0.0.tgz 0ms (cache hit)
1744 http cache postcss-js@https://registry.npmjs.org/postcss-js/-/postcss-js-4.1.0.tgz 0ms (cache hit)
1745 http cache lilconfig@https://registry.npmjs.org/lilconfig/-/lilconfig-3.1.3.tgz 0ms (cache hit)
1746 http cache micromatch@https://registry.npmjs.org/micromatch/-/micromatch-4.0.8.tgz 0ms (cache hit)
1747 http cache jiti@https://registry.npmjs.org/jiti/-/jiti-1.21.7.tgz 0ms (cache hit)
1748 http cache is-glob@https://registry.npmjs.org/is-glob/-/is-glob-4.0.3.tgz 0ms (cache hit)
1749 http cache glob-parent@https://registry.npmjs.org/glob-parent/-/glob-parent-6.0.2.tgz 0ms (cache hit)
1750 http cache dlv@https://registry.npmjs.org/dlv/-/dlv-1.1.3.tgz 0ms (cache hit)
1751 http cache @alloc/quick-lru@https://registry.npmjs.org/@alloc/quick-lru/-/quick-lru-5.2.0.tgz 0ms (cache hit)
1752 http cache fast-glob@https://registry.npmjs.org/fast-glob/-/fast-glob-3.3.3.tgz 0ms (cache hit)
1753 http cache didyoumean@https://registry.npmjs.org/didyoumean/-/didyoumean-1.2.2.tgz 0ms (cache hit)
1754 http cache chokidar@https://registry.npmjs.org/chokidar/-/chokidar-3.6.0.tgz 0ms (cache hit)
1755 http cache arg@https://registry.npmjs.org/arg/-/arg-5.0.2.tgz 0ms (cache hit)
1756 http cache compute-scroll-into-view@https://registry.npmjs.org/compute-scroll-into-view/-/compute-scroll-into-view-3.1.1.tgz 0ms (cache hit)
1757 http cache @react-leaflet/core@https://registry.npmjs.org/@react-leaflet/core/-/core-2.1.0.tgz 0ms (cache hit)
1758 http cache react-router@https://registry.npmjs.org/react-router/-/react-router-6.30.3.tgz 0ms (cache hit)
1759 http cache @remix-run/router@https://registry.npmjs.org/@remix-run/router/-/router-1.23.2.tgz 0ms (cache hit)
1760 http cache scheduler@https://registry.npmjs.org/scheduler/-/scheduler-0.23.2.tgz 0ms (cache hit)
1761 http cache react-is@https://registry.npmjs.org/react-is/-/react-is-18.3.1.tgz 0ms (cache hit)
1762 http cache @rc-component/async-validator@https://registry.npmjs.org/@rc-component/async-validator/-/async-validator-5.1.0.tgz 0ms (cache hit)
1763 http cache @rc-component/context@https://registry.npmjs.org/@rc-component/context/-/context-1.4.0.tgz 0ms (cache hit)
1764 http cache loose-envify@https://registry.npmjs.org/loose-envify/-/loose-envify-1.4.0.tgz 0ms (cache hit)
1765 http cache source-map-js@https://registry.npmjs.org/source-map-js/-/source-map-js-1.2.1.tgz 0ms (cache hit)
1766 http cache @rc-component/mini-decimal@https://registry.npmjs.org/@rc-component/mini-decimal/-/mini-decimal-1.1.3.tgz 0ms (cache hit)
1767 http cache rc-virtual-list@https://registry.npmjs.org/rc-virtual-list/-/rc-virtual-list-3.19.2.tgz 0ms (cache hit)
1768 http cache nanoid@https://registry.npmjs.org/nanoid/-/nanoid-3.3.12.tgz 0ms (cache hit)
1769 http cache rc-overflow@https://registry.npmjs.org/rc-overflow/-/rc-overflow-1.5.0.tgz 0ms (cache hit)
1770 http cache mime-db@https://registry.npmjs.org/mime-db/-/mime-db-1.52.0.tgz 0ms (cache hit)
1771 http cache yallist@https://registry.npmjs.org/yallist/-/yallist-3.1.1.tgz 0ms (cache hit)
1772 http cache string-convert@https://registry.npmjs.org/string-convert/-/string-convert-0.2.1.tgz 0ms (cache hit)
1773 http cache dunder-proto@https://registry.npmjs.org/dunder-proto/-/dunder-proto-1.0.1.tgz 0ms (cache hit)
1774 http cache agent-base@https://registry.npmjs.org/agent-base/-/agent-base-6.0.2.tgz 0ms (cache hit)
1775 http cache math-intrinsics@https://registry.npmjs.org/math-intrinsics/-/math-intrinsics-1.1.0.tgz 0ms (cache hit)
1776 http cache has-symbols@https://registry.npmjs.org/has-symbols/-/has-symbols-1.1.0.tgz 0ms (cache hit)
1777 http cache get-proto@https://registry.npmjs.org/get-proto/-/get-proto-1.0.1.tgz 0ms (cache hit)
1778 http cache gopd@https://registry.npmjs.org/gopd/-/gopd-1.2.0.tgz 0ms (cache hit)
1779 http cache es-object-atoms@https://registry.npmjs.org/es-object-atoms/-/es-object-atoms-1.1.2.tgz 0ms (cache hit)
1780 http cache function-bind@https://registry.npmjs.org/function-bind/-/function-bind-1.1.2.tgz 0ms (cache hit)
1781 http cache es-define-property@https://registry.npmjs.org/es-define-property/-/es-define-property-1.0.1.tgz 0ms (cache hit)
1782 http cache call-bind-apply-helpers@https://registry.npmjs.org/call-bind-apply-helpers/-/call-bind-apply-helpers-1.0.2.tgz 0ms (cache hit)
1783 http cache has-tostringtag@https://registry.npmjs.org/has-tostringtag/-/has-tostringtag-1.0.2.tgz 0ms (cache hit)
1784 http cache es-set-tostringtag@https://registry.npmjs.org/es-set-tostringtag/-/es-set-tostringtag-2.1.0.tgz 0ms (cache hit)
1785 http cache delayed-stream@https://registry.npmjs.org/delayed-stream/-/delayed-stream-1.0.0.tgz 0ms (cache hit)
1786 http cache mime-types@https://registry.npmjs.org/mime-types/-/mime-types-2.1.35.tgz 0ms (cache hit)
1787 http cache es-errors@https://registry.npmjs.org/es-errors/-/es-errors-1.3.0.tgz 0ms (cache hit)
1788 http cache hasown@https://registry.npmjs.org/hasown/-/hasown-2.0.3.tgz 0ms (cache hit)
1789 http cache get-intrinsic@https://registry.npmjs.org/get-intrinsic/-/get-intrinsic-1.3.0.tgz 0ms (cache hit)
1790 http cache combined-stream@https://registry.npmjs.org/combined-stream/-/combined-stream-1.0.8.tgz 0ms (cache hit)
1791 http cache asynckit@https://registry.npmjs.org/asynckit/-/asynckit-0.4.0.tgz 0ms (cache hit)
1792 http cache update-browserslist-db@https://registry.npmjs.org/update-browserslist-db/-/update-browserslist-db-1.2.3.tgz 0ms (cache hit)
1793 http cache ms@https://registry.npmjs.org/ms/-/ms-2.1.3.tgz 0ms (cache hit)
1794 http cache toggle-selection@https://registry.npmjs.org/toggle-selection/-/toggle-selection-1.0.6.tgz 0ms (cache hit)
1795 http cache node-releases@https://registry.npmjs.org/node-releases/-/node-releases-2.0.46.tgz 0ms (cache hit)
1796 http cache electron-to-chromium@https://registry.npmjs.org/electron-to-chromium/-/electron-to-chromium-1.5.361.tgz 0ms (cache hit)
1797 http cache proxy-from-env@https://registry.npmjs.org/proxy-from-env/-/proxy-from-env-2.1.0.tgz 0ms (cache hit)
1798 http cache https-proxy-agent@https://registry.npmjs.org/https-proxy-agent/-/https-proxy-agent-5.0.1.tgz 0ms (cache hit)
1799 http cache baseline-browser-mapping@https://registry.npmjs.org/baseline-browser-mapping/-/baseline-browser-mapping-2.10.32.tgz 0ms (cache hit)
1800 http cache follow-redirects@https://registry.npmjs.org/follow-redirects/-/follow-redirects-1.16.0.tgz 0ms (cache hit)
1801 http cache form-data@https://registry.npmjs.org/form-data/-/form-data-4.0.5.tgz 0ms (cache hit)
1802 http cache fraction.js@https://registry.npmjs.org/fraction.js/-/fraction.js-5.3.4.tgz 0ms (cache hit)
1803 http cache caniuse-lite@https://registry.npmjs.org/caniuse-lite/-/caniuse-lite-1.0.30001793.tgz 0ms (cache hit)
1804 http cache postcss-value-parser@https://registry.npmjs.org/postcss-value-parser/-/postcss-value-parser-4.2.0.tgz 0ms (cache hit)
1805 http cache resize-observer-polyfill@https://registry.npmjs.org/resize-observer-polyfill/-/resize-observer-polyfill-1.5.1.tgz 0ms (cache hit)
1806 http cache @rc-component/portal@https://registry.npmjs.org/@rc-component/portal/-/portal-1.1.2.tgz 0ms (cache hit)
1807 http cache stylis@https://registry.npmjs.org/stylis/-/stylis-4.4.0.tgz 0ms (cache hit)
1808 http cache json2mq@https://registry.npmjs.org/json2mq/-/json2mq-0.2.0.tgz 0ms (cache hit)
1809 http cache @emotion/hash@https://registry.npmjs.org/@emotion/hash/-/hash-0.8.0.tgz 0ms (cache hit)
1810 http cache throttle-debounce@https://registry.npmjs.org/throttle-debounce/-/throttle-debounce-5.0.2.tgz 0ms (cache hit)
1811 http cache rc-upload@https://registry.npmjs.org/rc-upload/-/rc-upload-4.11.0.tgz 0ms (cache hit)
1812 http cache rc-tree@https://registry.npmjs.org/rc-tree/-/rc-tree-5.13.1.tgz 0ms (cache hit)
1813 http cache @emotion/unitless@https://registry.npmjs.org/@emotion/unitless/-/unitless-0.7.5.tgz 0ms (cache hit)
1814 http cache scroll-into-view-if-needed@https://registry.npmjs.org/scroll-into-view-if-needed/-/scroll-into-view-if-needed-3.1.0.tgz 0ms (cache hit)
1815 http cache rc-tree-select@https://registry.npmjs.org/rc-tree-select/-/rc-tree-select-5.27.0.tgz 0ms (cache hit)
1816 http cache rc-tooltip@https://registry.npmjs.org/rc-tooltip/-/rc-tooltip-6.4.0.tgz 0ms (cache hit)
1817 http cache rc-table@https://registry.npmjs.org/rc-table/-/rc-table-7.54.0.tgz 0ms (cache hit)
1818 http cache rc-tabs@https://registry.npmjs.org/rc-tabs/-/rc-tabs-15.7.0.tgz 0ms (cache hit)
1819 http cache rc-steps@https://registry.npmjs.org/rc-steps/-/rc-steps-6.0.1.tgz 0ms (cache hit)
1820 http cache rc-slider@https://registry.npmjs.org/rc-slider/-/rc-slider-11.1.9.tgz 0ms (cache hit)
1821 http cache rc-textarea@https://registry.npmjs.org/rc-textarea/-/rc-textarea-1.10.2.tgz 0ms (cache hit)
1822 http cache rc-switch@https://registry.npmjs.org/rc-switch/-/rc-switch-4.1.0.tgz 0ms (cache hit)
1823 http cache rc-segmented@https://registry.npmjs.org/rc-segmented/-/rc-segmented-2.7.1.tgz 0ms (cache hit)
1824 http cache rc-rate@https://registry.npmjs.org/rc-rate/-/rc-rate-2.13.1.tgz 0ms (cache hit)
1825 http cache rc-resize-observer@https://registry.npmjs.org/rc-resize-observer/-/rc-resize-observer-1.4.3.tgz 0ms (cache hit)
1826 http cache rc-progress@https://registry.npmjs.org/rc-progress/-/rc-progress-4.0.0.tgz 0ms (cache hit)
1827 http cache rc-pagination@https://registry.npmjs.org/rc-pagination/-/rc-pagination-5.1.0.tgz 0ms (cache hit)
1828 http cache rc-notification@https://registry.npmjs.org/rc-notification/-/rc-notification-5.6.4.tgz 0ms (cache hit)
1829 http cache rc-picker@https://registry.npmjs.org/rc-picker/-/rc-picker-4.11.3.tgz 0ms (cache hit)
1830 http cache rc-motion@https://registry.npmjs.org/rc-motion/-/rc-motion-2.9.5.tgz 0ms (cache hit)
1831 http cache rc-input-number@https://registry.npmjs.org/rc-input-number/-/rc-input-number-9.5.0.tgz 0ms (cache hit)
1832 http cache rc-menu@https://registry.npmjs.org/rc-menu/-/rc-menu-9.16.1.tgz 0ms (cache hit)
1833 http cache rc-input@https://registry.npmjs.org/rc-input/-/rc-input-1.8.0.tgz 0ms (cache hit)
1834 http cache rc-select@https://registry.npmjs.org/rc-select/-/rc-select-14.16.8.tgz 0ms (cache hit)
1835 http cache rc-image@https://registry.npmjs.org/rc-image/-/rc-image-7.12.0.tgz 0ms (cache hit)
1836 http cache rc-dropdown@https://registry.npmjs.org/rc-dropdown/-/rc-dropdown-4.2.1.tgz 0ms (cache hit)
1837 http cache rc-field-form@https://registry.npmjs.org/rc-field-form/-/rc-field-form-2.7.1.tgz 0ms (cache hit)
1838 http cache rc-mentions@https://registry.npmjs.org/rc-mentions/-/rc-mentions-2.20.0.tgz 0ms (cache hit)
1839 http cache rc-drawer@https://registry.npmjs.org/rc-drawer/-/rc-drawer-7.3.0.tgz 0ms (cache hit)
1840 http cache @rc-component/trigger@https://registry.npmjs.org/@rc-component/trigger/-/trigger-2.3.1.tgz 0ms (cache hit)
1841 http cache rc-collapse@https://registry.npmjs.org/rc-collapse/-/rc-collapse-3.9.0.tgz 0ms (cache hit)
1842 http cache rc-dialog@https://registry.npmjs.org/rc-dialog/-/rc-dialog-9.6.0.tgz 0ms (cache hit)
1843 http cache copy-to-clipboard@https://registry.npmjs.org/copy-to-clipboard/-/copy-to-clipboard-3.3.3.tgz 0ms (cache hit)
1844 http cache rc-cascader@https://registry.npmjs.org/rc-cascader/-/rc-cascader-3.34.0.tgz 0ms (cache hit)
1845 http cache rc-checkbox@https://registry.npmjs.org/rc-checkbox/-/rc-checkbox-3.5.0.tgz 0ms (cache hit)
1846 http cache @rc-component/color-picker@https://registry.npmjs.org/@rc-component/color-picker/-/color-picker-2.0.1.tgz 0ms (cache hit)
1847 http cache @ant-design/cssinjs-utils@https://registry.npmjs.org/@ant-design/cssinjs-utils/-/cssinjs-utils-1.1.3.tgz 0ms (cache hit)
1848 http cache @rc-component/tour@https://registry.npmjs.org/@rc-component/tour/-/tour-1.15.1.tgz 0ms (cache hit)
1849 http cache @rc-component/qrcode@https://registry.npmjs.org/@rc-component/qrcode/-/qrcode-1.1.1.tgz 0ms (cache hit)
1850 http cache @ant-design/cssinjs@https://registry.npmjs.org/@ant-design/cssinjs/-/cssinjs-1.24.0.tgz 0ms (cache hit)
1851 http cache @rc-component/mutate-observer@https://registry.npmjs.org/@rc-component/mutate-observer/-/mutate-observer-1.1.0.tgz 0ms (cache hit)
1852 http cache @types/babel__traverse@https://registry.npmjs.org/@types/babel__traverse/-/babel__traverse-7.28.0.tgz 0ms (cache hit)
1853 http cache @ant-design/react-slick@https://registry.npmjs.org/@ant-design/react-slick/-/react-slick-1.1.2.tgz 0ms (cache hit)
1854 http cache @types/babel__template@https://registry.npmjs.org/@types/babel__template/-/babel__template-7.4.4.tgz 0ms (cache hit)
1855 http cache @types/babel__generator@https://registry.npmjs.org/@types/babel__generator/-/babel__generator-7.27.0.tgz 0ms (cache hit)
1856 http cache @jridgewell/resolve-uri@https://registry.npmjs.org/@jridgewell/resolve-uri/-/resolve-uri-3.1.2.tgz 0ms (cache hit)
1857 http cache @babel/helper-string-parser@https://registry.npmjs.org/@babel/helper-string-parser/-/helper-string-parser-7.27.1.tgz 0ms (cache hit)
1858 http cache @jridgewell/sourcemap-codec@https://registry.npmjs.org/@jridgewell/sourcemap-codec/-/sourcemap-codec-1.5.5.tgz 0ms (cache hit)
1859 http cache @babel/helper-globals@https://registry.npmjs.org/@babel/helper-globals/-/helper-globals-7.28.0.tgz 0ms (cache hit)
1860 http cache @babel/compat-data@https://registry.npmjs.org/@babel/compat-data/-/compat-data-7.29.3.tgz 0ms (cache hit)
1861 http cache @babel/helper-module-imports@https://registry.npmjs.org/@babel/helper-module-imports/-/helper-module-imports-7.28.6.tgz 0ms (cache hit)
1862 http cache lru-cache@https://registry.npmjs.org/lru-cache/-/lru-cache-5.1.1.tgz 0ms (cache hit)
1863 http cache @jridgewell/trace-mapping@https://registry.npmjs.org/@jridgewell/trace-mapping/-/trace-mapping-0.3.31.tgz 0ms (cache hit)
1864 http cache browserslist@https://registry.npmjs.org/browserslist/-/browserslist-4.28.2.tgz 0ms (cache hit)
1865 http cache @babel/helper-validator-option@https://registry.npmjs.org/@babel/helper-validator-option/-/helper-validator-option-7.27.1.tgz 0ms (cache hit)
1866 http cache @babel/helper-plugin-utils@https://registry.npmjs.org/@babel/helper-plugin-utils/-/helper-plugin-utils-7.28.6.tgz 0ms (cache hit)
1867 http cache picocolors@https://registry.npmjs.org/picocolors/-/picocolors-1.1.1.tgz 0ms (cache hit)
1868 http cache jsesc@https://registry.npmjs.org/jsesc/-/jsesc-3.1.0.tgz 0ms (cache hit)
1869 http cache @babel/helper-validator-identifier@https://registry.npmjs.org/@babel/helper-validator-identifier/-/helper-validator-identifier-7.28.5.tgz 0ms (cache hit)
1870 http cache gensync@https://registry.npmjs.org/gensync/-/gensync-1.0.0-beta.2.tgz 0ms (cache hit)
1871 http cache js-tokens@https://registry.npmjs.org/js-tokens/-/js-tokens-4.0.0.tgz 0ms (cache hit)
1872 http cache @jridgewell/gen-mapping@https://registry.npmjs.org/@jridgewell/gen-mapping/-/gen-mapping-0.3.13.tgz 0ms (cache hit)
1873 http cache semver@https://registry.npmjs.org/semver/-/semver-6.3.1.tgz 0ms (cache hit)
1874 http cache convert-source-map@https://registry.npmjs.org/convert-source-map/-/convert-source-map-2.0.0.tgz 0ms (cache hit)
1875 http cache json5@https://registry.npmjs.org/json5/-/json5-2.2.3.tgz 0ms (cache hit)
1876 http cache @jridgewell/remapping@https://registry.npmjs.org/@jridgewell/remapping/-/remapping-2.3.5.tgz 0ms (cache hit)
1877 http cache debug@https://registry.npmjs.org/debug/-/debug-4.4.3.tgz 0ms (cache hit)
1878 http cache @babel/types@https://registry.npmjs.org/@babel/types/-/types-7.29.0.tgz 0ms (cache hit)
1879 http cache @babel/traverse@https://registry.npmjs.org/@babel/traverse/-/traverse-7.29.0.tgz 0ms (cache hit)
1880 http cache @babel/parser@https://registry.npmjs.org/@babel/parser/-/parser-7.29.3.tgz 0ms (cache hit)
1881 http cache @babel/helpers@https://registry.npmjs.org/@babel/helpers/-/helpers-7.29.2.tgz 0ms (cache hit)
1882 http cache @babel/code-frame@https://registry.npmjs.org/@babel/code-frame/-/code-frame-7.29.0.tgz 0ms (cache hit)
1883 http cache @babel/helper-compilation-targets@https://registry.npmjs.org/@babel/helper-compilation-targets/-/helper-compilation-targets-7.28.6.tgz 0ms (cache hit)
1884 http cache @babel/template@https://registry.npmjs.org/@babel/template/-/template-7.28.6.tgz 0ms (cache hit)
1885 http cache @types/babel__core@https://registry.npmjs.org/@types/babel__core/-/babel__core-7.20.5.tgz 0ms (cache hit)
1886 http cache react-refresh@https://registry.npmjs.org/react-refresh/-/react-refresh-0.17.0.tgz 0ms (cache hit)
1887 http cache @babel/helper-module-transforms@https://registry.npmjs.org/@babel/helper-module-transforms/-/helper-module-transforms-7.28.6.tgz 0ms (cache hit)
1888 http cache @rolldown/pluginutils@https://registry.npmjs.org/@rolldown/pluginutils/-/pluginutils-1.0.0-beta.27.tgz 0ms (cache hit)
1889 http cache @babel/plugin-transform-react-jsx-source@https://registry.npmjs.org/@babel/plugin-transform-react-jsx-source/-/plugin-transform-react-jsx-source-7.27.1.tgz 0ms (cache hit)
1890 http cache csstype@https://registry.npmjs.org/csstype/-/csstype-3.2.3.tgz 0ms (cache hit)
1891 http cache @babel/plugin-transform-react-jsx-self@https://registry.npmjs.org/@babel/plugin-transform-react-jsx-self/-/plugin-transform-react-jsx-self-7.27.1.tgz 0ms (cache hit)
1892 http cache @ant-design/fast-color@https://registry.npmjs.org/@ant-design/fast-color/-/fast-color-2.0.6.tgz 0ms (cache hit)
1893 http cache @babel/core@https://registry.npmjs.org/@babel/core/-/core-7.29.0.tgz 0ms (cache hit)
1894 http cache rc-util@https://registry.npmjs.org/rc-util/-/rc-util-5.44.4.tgz 0ms (cache hit)
1895 http cache @types/prop-types@https://registry.npmjs.org/@types/prop-types/-/prop-types-15.7.15.tgz 0ms (cache hit)
1896 http cache classnames@https://registry.npmjs.org/classnames/-/classnames-2.5.1.tgz 0ms (cache hit)
1897 http cache @ant-design/icons-svg@https://registry.npmjs.org/@ant-design/icons-svg/-/icons-svg-4.4.2.tgz 0ms (cache hit)
1898 http cache @ant-design/colors@https://registry.npmjs.org/@ant-design/colors/-/colors-7.2.1.tgz 0ms (cache hit)
1899 http cache @babel/runtime@https://registry.npmjs.org/@babel/runtime/-/runtime-7.29.2.tgz 0ms (cache hit)
1900 http cache tailwindcss@https://registry.npmjs.org/tailwindcss/-/tailwindcss-3.4.19.tgz 0ms (cache hit)
1901 http cache react-leaflet@https://registry.npmjs.org/react-leaflet/-/react-leaflet-4.2.1.tgz 0ms (cache hit)
1902 http cache @babel/generator@https://registry.npmjs.org/@babel/generator/-/generator-7.29.1.tgz 0ms (cache hit)
1903 http cache leaflet@https://registry.npmjs.org/leaflet/-/leaflet-1.9.4.tgz 0ms (cache hit)
1904 http cache react-router-dom@https://registry.npmjs.org/react-router-dom/-/react-router-dom-6.30.3.tgz 0ms (cache hit)
1905 http cache axios@https://registry.npmjs.org/axios/-/axios-1.16.1.tgz 0ms (cache hit)
1906 http cache dayjs@https://registry.npmjs.org/dayjs/-/dayjs-1.11.20.tgz 0ms (cache hit)
1907 http cache @vitejs/plugin-react@https://registry.npmjs.org/@vitejs/plugin-react/-/plugin-react-4.7.0.tgz 0ms (cache hit)
1908 http cache postcss@https://registry.npmjs.org/postcss/-/postcss-8.5.15.tgz 0ms (cache hit)
1909 http cache antd@https://registry.npmjs.org/antd/-/antd-5.29.3.tgz 0ms (cache hit)
1910 http cache @types/react-dom@https://registry.npmjs.org/@types/react-dom/-/react-dom-18.3.7.tgz 0ms (cache hit)
1911 http cache @types/react@https://registry.npmjs.org/@types/react/-/react-18.3.29.tgz 0ms (cache hit)
1912 http cache @ant-design/icons@https://registry.npmjs.org/@ant-design/icons/-/icons-5.6.1.tgz 0ms (cache hit)
1913 http cache react-dom@https://registry.npmjs.org/react-dom/-/react-dom-18.3.1.tgz 0ms (cache hit)
1914 http cache autoprefixer@https://registry.npmjs.org/autoprefixer/-/autoprefixer-10.5.0.tgz 0ms (cache hit)
1915 http cache vite@https://registry.npmjs.org/vite/-/vite-5.4.21.tgz 0ms (cache hit)
1916 http cache picomatch@https://registry.npmjs.org/picomatch/-/picomatch-4.0.4.tgz 0ms (cache hit)
1917 silly tarball no local data for @types/estree@https://registry.npmjs.org/@types/estree/-/estree-1.0.8.tgz. Extracting by manifest.
1918 http cache react@https://registry.npmjs.org/react/-/react-18.3.1.tgz 0ms (cache hit)
1919 silly tarball no local data for @esbuild/win32-x64@https://registry.npmjs.org/@esbuild/win32-x64/-/win32-x64-0.21.5.tgz. Extracting by manifest.
1920 silly tarball no local data for @rollup/rollup-win32-x64-msvc@https://registry.npmjs.org/@rollup/rollup-win32-x64-msvc/-/rollup-win32-x64-msvc-4.60.4.tgz. Extracting by manifest.
1921 silly tarball no local data for rollup@https://registry.npmjs.org/rollup/-/rollup-4.60.4.tgz. Extracting by manifest.
1922 silly tarball no local data for @rollup/rollup-win32-x64-gnu@https://registry.npmjs.org/@rollup/rollup-win32-x64-gnu/-/rollup-win32-x64-gnu-4.60.4.tgz. Extracting by manifest.
1923 http cache glob-parent@https://registry.npmjs.org/glob-parent/-/glob-parent-5.1.2.tgz 0ms (cache hit)
1924 silly tarball no local data for escalade@https://registry.npmjs.org/escalade/-/escalade-3.2.0.tgz. Extracting by manifest.
1925 silly tarball no local data for thenify-all@https://registry.npmjs.org/thenify-all/-/thenify-all-1.6.0.tgz. Extracting by manifest.
1926 http cache glob-parent@https://registry.npmjs.org/glob-parent/-/glob-parent-5.1.2.tgz 0ms (cache hit)
1927 silly tarball no local data for is-number@https://registry.npmjs.org/is-number/-/is-number-7.0.0.tgz. Extracting by manifest.
1928 silly tarball no local data for thenify@https://registry.npmjs.org/thenify/-/thenify-3.3.1.tgz. Extracting by manifest.
1929 http cache fdir@https://registry.npmjs.org/fdir/-/fdir-6.5.0.tgz 0ms (cache hit)
1930 silly tarball no local data for esbuild@https://registry.npmjs.org/esbuild/-/esbuild-0.21.5.tgz. Extracting by manifest.
1931 silly tarball no local data for object-assign@https://registry.npmjs.org/object-assign/-/object-assign-4.1.1.tgz. Extracting by manifest.
1932 silly tarball no local data for mz@https://registry.npmjs.org/mz/-/mz-2.7.0.tgz. Extracting by manifest.
1933 silly tarball no local data for tinyglobby@https://registry.npmjs.org/tinyglobby/-/tinyglobby-0.2.16.tgz. Extracting by manifest.
1934 silly tarball no local data for pirates@https://registry.npmjs.org/pirates/-/pirates-4.0.7.tgz. Extracting by manifest.
1935 silly tarball no local data for any-promise@https://registry.npmjs.org/any-promise/-/any-promise-1.3.0.tgz. Extracting by manifest.
1936 silly tarball no local data for ts-interface-checker@https://registry.npmjs.org/ts-interface-checker/-/ts-interface-checker-0.1.13.tgz. Extracting by manifest.
1937 silly tarball no local data for commander@https://registry.npmjs.org/commander/-/commander-4.1.1.tgz. Extracting by manifest.
1938 silly tarball no local data for is-core-module@https://registry.npmjs.org/is-core-module/-/is-core-module-2.16.2.tgz. Extracting by manifest.
1939 silly tarball no local data for queue-microtask@https://registry.npmjs.org/queue-microtask/-/queue-microtask-1.2.3.tgz. Extracting by manifest.
1940 silly tarball no local data for lines-and-columns@https://registry.npmjs.org/lines-and-columns/-/lines-and-columns-1.2.4.tgz. Extracting by manifest.
1941 silly tarball no local data for supports-preserve-symlinks-flag@https://registry.npmjs.org/supports-preserve-symlinks-flag/-/supports-preserve-symlinks-flag-1.0.0.tgz. Extracting by manifest.
1942 silly tarball no local data for path-parse@https://registry.npmjs.org/path-parse/-/path-parse-1.0.7.tgz. Extracting by manifest.
1943 silly tarball no local data for cssesc@https://registry.npmjs.org/cssesc/-/cssesc-3.0.0.tgz. Extracting by manifest.
1944 silly tarball no local data for pify@https://registry.npmjs.org/pify/-/pify-2.3.0.tgz. Extracting by manifest.
1945 silly tarball no local data for read-cache@https://registry.npmjs.org/read-cache/-/read-cache-1.0.0.tgz. Extracting by manifest.
1946 silly tarball no local data for binary-extensions@https://registry.npmjs.org/binary-extensions/-/binary-extensions-2.3.0.tgz. Extracting by manifest.
1947 silly tarball no local data for is-extglob@https://registry.npmjs.org/is-extglob/-/is-extglob-2.1.1.tgz. Extracting by manifest.
1948 silly tarball no local data for util-deprecate@https://registry.npmjs.org/util-deprecate/-/util-deprecate-1.0.2.tgz. Extracting by manifest.
1949 silly tarball no local data for reusify@https://registry.npmjs.org/reusify/-/reusify-1.1.0.tgz. Extracting by manifest.
1950 silly tarball no local data for fastq@https://registry.npmjs.org/fastq/-/fastq-1.20.1.tgz. Extracting by manifest.
1951 silly tarball no local data for @nodelib/fs.scandir@https://registry.npmjs.org/@nodelib/fs.scandir/-/fs.scandir-2.1.5.tgz. Extracting by manifest.
1952 silly tarball no local data for @nodelib/fs.walk@https://registry.npmjs.org/@nodelib/fs.walk/-/fs.walk-1.2.8.tgz. Extracting by manifest.
1953 silly tarball no local data for run-parallel@https://registry.npmjs.org/run-parallel/-/run-parallel-1.2.0.tgz. Extracting by manifest.
1954 silly tarball no local data for to-regex-range@https://registry.npmjs.org/to-regex-range/-/to-regex-range-5.0.1.tgz. Extracting by manifest.
1955 silly tarball no local data for @nodelib/fs.stat@https://registry.npmjs.org/@nodelib/fs.stat/-/fs.stat-2.0.5.tgz. Extracting by manifest.
1956 silly tarball no local data for camelcase-css@https://registry.npmjs.org/camelcase-css/-/camelcase-css-2.0.1.tgz. Extracting by manifest.
1957 silly tarball no local data for merge2@https://registry.npmjs.org/merge2/-/merge2-1.4.1.tgz. Extracting by manifest.
1958 silly tarball no local data for is-binary-path@https://registry.npmjs.org/is-binary-path/-/is-binary-path-2.1.0.tgz. Extracting by manifest.
1959 silly tarball no local data for fill-range@https://registry.npmjs.org/fill-range/-/fill-range-7.1.1.tgz. Extracting by manifest.
1960 silly tarball no local data for braces@https://registry.npmjs.org/braces/-/braces-3.0.3.tgz. Extracting by manifest.
1961 silly tarball no local data for picomatch@https://registry.npmjs.org/picomatch/-/picomatch-2.3.2.tgz. Extracting by manifest.
1962 silly tarball no local data for anymatch@https://registry.npmjs.org/anymatch/-/anymatch-3.1.3.tgz. Extracting by manifest.
1963 silly tarball no local data for sucrase@https://registry.npmjs.org/sucrase/-/sucrase-3.35.1.tgz. Extracting by manifest.
1964 silly tarball no local data for postcss-selector-parser@https://registry.npmjs.org/postcss-selector-parser/-/postcss-selector-parser-6.1.2.tgz. Extracting by manifest.
1965 silly tarball no local data for postcss-nested@https://registry.npmjs.org/postcss-nested/-/postcss-nested-6.2.0.tgz. Extracting by manifest.
1966 silly tarball no local data for readdirp@https://registry.npmjs.org/readdirp/-/readdirp-3.6.0.tgz. Extracting by manifest.
1967 silly tarball no local data for resolve@https://registry.npmjs.org/resolve/-/resolve-1.22.12.tgz. Extracting by manifest.
1968 silly tarball no local data for postcss-load-config@https://registry.npmjs.org/postcss-load-config/-/postcss-load-config-6.0.1.tgz. Extracting by manifest.
1969 silly tarball no local data for postcss-import@https://registry.npmjs.org/postcss-import/-/postcss-import-15.1.0.tgz. Extracting by manifest.
1970 silly tarball no local data for normalize-path@https://registry.npmjs.org/normalize-path/-/normalize-path-3.0.0.tgz. Extracting by manifest.
1971 silly tarball no local data for object-hash@https://registry.npmjs.org/object-hash/-/object-hash-3.0.0.tgz. Extracting by manifest.
1972 silly tarball no local data for postcss-js@https://registry.npmjs.org/postcss-js/-/postcss-js-4.1.0.tgz. Extracting by manifest.
1973 silly tarball no local data for lilconfig@https://registry.npmjs.org/lilconfig/-/lilconfig-3.1.3.tgz. Extracting by manifest.
1974 silly tarball no local data for micromatch@https://registry.npmjs.org/micromatch/-/micromatch-4.0.8.tgz. Extracting by manifest.
1975 silly tarball no local data for jiti@https://registry.npmjs.org/jiti/-/jiti-1.21.7.tgz. Extracting by manifest.
1976 silly tarball no local data for is-glob@https://registry.npmjs.org/is-glob/-/is-glob-4.0.3.tgz. Extracting by manifest.
1977 silly tarball no local data for glob-parent@https://registry.npmjs.org/glob-parent/-/glob-parent-6.0.2.tgz. Extracting by manifest.
1978 silly tarball no local data for dlv@https://registry.npmjs.org/dlv/-/dlv-1.1.3.tgz. Extracting by manifest.
1979 silly tarball no local data for @alloc/quick-lru@https://registry.npmjs.org/@alloc/quick-lru/-/quick-lru-5.2.0.tgz. Extracting by manifest.
1980 silly tarball no local data for fast-glob@https://registry.npmjs.org/fast-glob/-/fast-glob-3.3.3.tgz. Extracting by manifest.
1981 silly tarball no local data for didyoumean@https://registry.npmjs.org/didyoumean/-/didyoumean-1.2.2.tgz. Extracting by manifest.
1982 silly tarball no local data for chokidar@https://registry.npmjs.org/chokidar/-/chokidar-3.6.0.tgz. Extracting by manifest.
1983 silly tarball no local data for arg@https://registry.npmjs.org/arg/-/arg-5.0.2.tgz. Extracting by manifest.
1984 silly tarball no local data for compute-scroll-into-view@https://registry.npmjs.org/compute-scroll-into-view/-/compute-scroll-into-view-3.1.1.tgz. Extracting by manifest.
1985 silly tarball no local data for @react-leaflet/core@https://registry.npmjs.org/@react-leaflet/core/-/core-2.1.0.tgz. Extracting by manifest.
1986 silly tarball no local data for react-router@https://registry.npmjs.org/react-router/-/react-router-6.30.3.tgz. Extracting by manifest.
1987 silly tarball no local data for @remix-run/router@https://registry.npmjs.org/@remix-run/router/-/router-1.23.2.tgz. Extracting by manifest.
1988 silly tarball no local data for scheduler@https://registry.npmjs.org/scheduler/-/scheduler-0.23.2.tgz. Extracting by manifest.
1989 silly tarball no local data for react-is@https://registry.npmjs.org/react-is/-/react-is-18.3.1.tgz. Extracting by manifest.
1990 silly tarball no local data for @rc-component/async-validator@https://registry.npmjs.org/@rc-component/async-validator/-/async-validator-5.1.0.tgz. Extracting by manifest.
1991 silly tarball no local data for @rc-component/context@https://registry.npmjs.org/@rc-component/context/-/context-1.4.0.tgz. Extracting by manifest.
1992 silly tarball no local data for loose-envify@https://registry.npmjs.org/loose-envify/-/loose-envify-1.4.0.tgz. Extracting by manifest.
1993 silly tarball no local data for source-map-js@https://registry.npmjs.org/source-map-js/-/source-map-js-1.2.1.tgz. Extracting by manifest.
1994 silly tarball no local data for @rc-component/mini-decimal@https://registry.npmjs.org/@rc-component/mini-decimal/-/mini-decimal-1.1.3.tgz. Extracting by manifest.
1995 silly tarball no local data for rc-virtual-list@https://registry.npmjs.org/rc-virtual-list/-/rc-virtual-list-3.19.2.tgz. Extracting by manifest.
1996 silly tarball no local data for nanoid@https://registry.npmjs.org/nanoid/-/nanoid-3.3.12.tgz. Extracting by manifest.
1997 silly tarball no local data for rc-overflow@https://registry.npmjs.org/rc-overflow/-/rc-overflow-1.5.0.tgz. Extracting by manifest.
1998 silly tarball no local data for mime-db@https://registry.npmjs.org/mime-db/-/mime-db-1.52.0.tgz. Extracting by manifest.
1999 silly tarball no local data for yallist@https://registry.npmjs.org/yallist/-/yallist-3.1.1.tgz. Extracting by manifest.
2000 silly tarball no local data for string-convert@https://registry.npmjs.org/string-convert/-/string-convert-0.2.1.tgz. Extracting by manifest.
2001 silly tarball no local data for dunder-proto@https://registry.npmjs.org/dunder-proto/-/dunder-proto-1.0.1.tgz. Extracting by manifest.
2002 silly tarball no local data for agent-base@https://registry.npmjs.org/agent-base/-/agent-base-6.0.2.tgz. Extracting by manifest.
2003 silly tarball no local data for math-intrinsics@https://registry.npmjs.org/math-intrinsics/-/math-intrinsics-1.1.0.tgz. Extracting by manifest.
2004 silly tarball no local data for has-symbols@https://registry.npmjs.org/has-symbols/-/has-symbols-1.1.0.tgz. Extracting by manifest.
2005 silly tarball no local data for get-proto@https://registry.npmjs.org/get-proto/-/get-proto-1.0.1.tgz. Extracting by manifest.
2006 silly tarball no local data for gopd@https://registry.npmjs.org/gopd/-/gopd-1.2.0.tgz. Extracting by manifest.
2007 silly tarball no local data for es-object-atoms@https://registry.npmjs.org/es-object-atoms/-/es-object-atoms-1.1.2.tgz. Extracting by manifest.
2008 silly tarball no local data for function-bind@https://registry.npmjs.org/function-bind/-/function-bind-1.1.2.tgz. Extracting by manifest.
2009 silly tarball no local data for es-define-property@https://registry.npmjs.org/es-define-property/-/es-define-property-1.0.1.tgz. Extracting by manifest.
2010 silly tarball no local data for call-bind-apply-helpers@https://registry.npmjs.org/call-bind-apply-helpers/-/call-bind-apply-helpers-1.0.2.tgz. Extracting by manifest.
2011 silly tarball no local data for has-tostringtag@https://registry.npmjs.org/has-tostringtag/-/has-tostringtag-1.0.2.tgz. Extracting by manifest.
2012 silly tarball no local data for es-set-tostringtag@https://registry.npmjs.org/es-set-tostringtag/-/es-set-tostringtag-2.1.0.tgz. Extracting by manifest.
2013 silly tarball no local data for delayed-stream@https://registry.npmjs.org/delayed-stream/-/delayed-stream-1.0.0.tgz. Extracting by manifest.
2014 silly tarball no local data for mime-types@https://registry.npmjs.org/mime-types/-/mime-types-2.1.35.tgz. Extracting by manifest.
2015 silly tarball no local data for es-errors@https://registry.npmjs.org/es-errors/-/es-errors-1.3.0.tgz. Extracting by manifest.
2016 silly tarball no local data for hasown@https://registry.npmjs.org/hasown/-/hasown-2.0.3.tgz. Extracting by manifest.
2017 silly tarball no local data for get-intrinsic@https://registry.npmjs.org/get-intrinsic/-/get-intrinsic-1.3.0.tgz. Extracting by manifest.
2018 silly tarball no local data for combined-stream@https://registry.npmjs.org/combined-stream/-/combined-stream-1.0.8.tgz. Extracting by manifest.
2019 silly tarball no local data for asynckit@https://registry.npmjs.org/asynckit/-/asynckit-0.4.0.tgz. Extracting by manifest.
2020 silly tarball no local data for update-browserslist-db@https://registry.npmjs.org/update-browserslist-db/-/update-browserslist-db-1.2.3.tgz. Extracting by manifest.
2021 silly tarball no local data for ms@https://registry.npmjs.org/ms/-/ms-2.1.3.tgz. Extracting by manifest.
2022 silly tarball no local data for toggle-selection@https://registry.npmjs.org/toggle-selection/-/toggle-selection-1.0.6.tgz. Extracting by manifest.
2023 silly tarball no local data for node-releases@https://registry.npmjs.org/node-releases/-/node-releases-2.0.46.tgz. Extracting by manifest.
2024 silly tarball no local data for electron-to-chromium@https://registry.npmjs.org/electron-to-chromium/-/electron-to-chromium-1.5.361.tgz. Extracting by manifest.
2025 silly tarball no local data for proxy-from-env@https://registry.npmjs.org/proxy-from-env/-/proxy-from-env-2.1.0.tgz. Extracting by manifest.
2026 silly tarball no local data for https-proxy-agent@https://registry.npmjs.org/https-proxy-agent/-/https-proxy-agent-5.0.1.tgz. Extracting by manifest.
2027 silly tarball no local data for baseline-browser-mapping@https://registry.npmjs.org/baseline-browser-mapping/-/baseline-browser-mapping-2.10.32.tgz. Extracting by manifest.
2028 silly tarball no local data for follow-redirects@https://registry.npmjs.org/follow-redirects/-/follow-redirects-1.16.0.tgz. Extracting by manifest.
2029 silly tarball no local data for form-data@https://registry.npmjs.org/form-data/-/form-data-4.0.5.tgz. Extracting by manifest.
2030 silly tarball no local data for fraction.js@https://registry.npmjs.org/fraction.js/-/fraction.js-5.3.4.tgz. Extracting by manifest.
2031 silly tarball no local data for caniuse-lite@https://registry.npmjs.org/caniuse-lite/-/caniuse-lite-1.0.30001793.tgz. Extracting by manifest.
2032 silly tarball no local data for postcss-value-parser@https://registry.npmjs.org/postcss-value-parser/-/postcss-value-parser-4.2.0.tgz. Extracting by manifest.
2033 silly tarball no local data for resize-observer-polyfill@https://registry.npmjs.org/resize-observer-polyfill/-/resize-observer-polyfill-1.5.1.tgz. Extracting by manifest.
2034 silly tarball no local data for @rc-component/portal@https://registry.npmjs.org/@rc-component/portal/-/portal-1.1.2.tgz. Extracting by manifest.
2035 silly tarball no local data for stylis@https://registry.npmjs.org/stylis/-/stylis-4.4.0.tgz. Extracting by manifest.
2036 silly tarball no local data for json2mq@https://registry.npmjs.org/json2mq/-/json2mq-0.2.0.tgz. Extracting by manifest.
2037 silly tarball no local data for @emotion/hash@https://registry.npmjs.org/@emotion/hash/-/hash-0.8.0.tgz. Extracting by manifest.
2038 silly tarball no local data for throttle-debounce@https://registry.npmjs.org/throttle-debounce/-/throttle-debounce-5.0.2.tgz. Extracting by manifest.
2039 silly tarball no local data for rc-upload@https://registry.npmjs.org/rc-upload/-/rc-upload-4.11.0.tgz. Extracting by manifest.
2040 silly tarball no local data for rc-tree@https://registry.npmjs.org/rc-tree/-/rc-tree-5.13.1.tgz. Extracting by manifest.
2041 silly tarball no local data for @emotion/unitless@https://registry.npmjs.org/@emotion/unitless/-/unitless-0.7.5.tgz. Extracting by manifest.
2042 silly tarball no local data for scroll-into-view-if-needed@https://registry.npmjs.org/scroll-into-view-if-needed/-/scroll-into-view-if-needed-3.1.0.tgz. Extracting by manifest.
2043 silly tarball no local data for rc-tree-select@https://registry.npmjs.org/rc-tree-select/-/rc-tree-select-5.27.0.tgz. Extracting by manifest.
2044 silly tarball no local data for rc-tooltip@https://registry.npmjs.org/rc-tooltip/-/rc-tooltip-6.4.0.tgz. Extracting by manifest.
2045 silly tarball no local data for rc-table@https://registry.npmjs.org/rc-table/-/rc-table-7.54.0.tgz. Extracting by manifest.
2046 silly tarball no local data for rc-tabs@https://registry.npmjs.org/rc-tabs/-/rc-tabs-15.7.0.tgz. Extracting by manifest.
2047 silly tarball no local data for rc-steps@https://registry.npmjs.org/rc-steps/-/rc-steps-6.0.1.tgz. Extracting by manifest.
2048 silly tarball no local data for rc-slider@https://registry.npmjs.org/rc-slider/-/rc-slider-11.1.9.tgz. Extracting by manifest.
2049 silly tarball no local data for rc-textarea@https://registry.npmjs.org/rc-textarea/-/rc-textarea-1.10.2.tgz. Extracting by manifest.
2050 silly tarball no local data for rc-switch@https://registry.npmjs.org/rc-switch/-/rc-switch-4.1.0.tgz. Extracting by manifest.
2051 silly tarball no local data for rc-segmented@https://registry.npmjs.org/rc-segmented/-/rc-segmented-2.7.1.tgz. Extracting by manifest.
2052 silly tarball no local data for rc-rate@https://registry.npmjs.org/rc-rate/-/rc-rate-2.13.1.tgz. Extracting by manifest.
2053 silly tarball no local data for rc-resize-observer@https://registry.npmjs.org/rc-resize-observer/-/rc-resize-observer-1.4.3.tgz. Extracting by manifest.
2054 silly tarball no local data for rc-progress@https://registry.npmjs.org/rc-progress/-/rc-progress-4.0.0.tgz. Extracting by manifest.
2055 silly tarball no local data for rc-pagination@https://registry.npmjs.org/rc-pagination/-/rc-pagination-5.1.0.tgz. Extracting by manifest.
2056 silly tarball no local data for rc-notification@https://registry.npmjs.org/rc-notification/-/rc-notification-5.6.4.tgz. Extracting by manifest.
2057 silly tarball no local data for rc-picker@https://registry.npmjs.org/rc-picker/-/rc-picker-4.11.3.tgz. Extracting by manifest.
2058 silly tarball no local data for rc-motion@https://registry.npmjs.org/rc-motion/-/rc-motion-2.9.5.tgz. Extracting by manifest.
2059 silly tarball no local data for rc-input-number@https://registry.npmjs.org/rc-input-number/-/rc-input-number-9.5.0.tgz. Extracting by manifest.
2060 silly tarball no local data for rc-menu@https://registry.npmjs.org/rc-menu/-/rc-menu-9.16.1.tgz. Extracting by manifest.
2061 silly tarball no local data for rc-input@https://registry.npmjs.org/rc-input/-/rc-input-1.8.0.tgz. Extracting by manifest.
2062 silly tarball no local data for rc-select@https://registry.npmjs.org/rc-select/-/rc-select-14.16.8.tgz. Extracting by manifest.
2063 silly tarball no local data for rc-image@https://registry.npmjs.org/rc-image/-/rc-image-7.12.0.tgz. Extracting by manifest.
2064 silly tarball no local data for rc-dropdown@https://registry.npmjs.org/rc-dropdown/-/rc-dropdown-4.2.1.tgz. Extracting by manifest.
2065 silly tarball no local data for rc-field-form@https://registry.npmjs.org/rc-field-form/-/rc-field-form-2.7.1.tgz. Extracting by manifest.
2066 silly tarball no local data for rc-mentions@https://registry.npmjs.org/rc-mentions/-/rc-mentions-2.20.0.tgz. Extracting by manifest.
2067 silly tarball no local data for rc-drawer@https://registry.npmjs.org/rc-drawer/-/rc-drawer-7.3.0.tgz. Extracting by manifest.
2068 silly tarball no local data for @rc-component/trigger@https://registry.npmjs.org/@rc-component/trigger/-/trigger-2.3.1.tgz. Extracting by manifest.
2069 silly tarball no local data for rc-collapse@https://registry.npmjs.org/rc-collapse/-/rc-collapse-3.9.0.tgz. Extracting by manifest.
2070 silly tarball no local data for rc-dialog@https://registry.npmjs.org/rc-dialog/-/rc-dialog-9.6.0.tgz. Extracting by manifest.
2071 silly tarball no local data for copy-to-clipboard@https://registry.npmjs.org/copy-to-clipboard/-/copy-to-clipboard-3.3.3.tgz. Extracting by manifest.
2072 silly tarball no local data for rc-cascader@https://registry.npmjs.org/rc-cascader/-/rc-cascader-3.34.0.tgz. Extracting by manifest.
2073 silly tarball no local data for rc-checkbox@https://registry.npmjs.org/rc-checkbox/-/rc-checkbox-3.5.0.tgz. Extracting by manifest.
2074 silly tarball no local data for @rc-component/color-picker@https://registry.npmjs.org/@rc-component/color-picker/-/color-picker-2.0.1.tgz. Extracting by manifest.
2075 silly tarball no local data for @ant-design/cssinjs-utils@https://registry.npmjs.org/@ant-design/cssinjs-utils/-/cssinjs-utils-1.1.3.tgz. Extracting by manifest.
2076 silly tarball no local data for @rc-component/tour@https://registry.npmjs.org/@rc-component/tour/-/tour-1.15.1.tgz. Extracting by manifest.
2077 silly tarball no local data for @rc-component/qrcode@https://registry.npmjs.org/@rc-component/qrcode/-/qrcode-1.1.1.tgz. Extracting by manifest.
2078 silly tarball no local data for @ant-design/cssinjs@https://registry.npmjs.org/@ant-design/cssinjs/-/cssinjs-1.24.0.tgz. Extracting by manifest.
2079 silly tarball no local data for @rc-component/mutate-observer@https://registry.npmjs.org/@rc-component/mutate-observer/-/mutate-observer-1.1.0.tgz. Extracting by manifest.
2080 silly tarball no local data for @types/babel__traverse@https://registry.npmjs.org/@types/babel__traverse/-/babel__traverse-7.28.0.tgz. Extracting by manifest.
2081 silly tarball no local data for @ant-design/react-slick@https://registry.npmjs.org/@ant-design/react-slick/-/react-slick-1.1.2.tgz. Extracting by manifest.
2082 silly tarball no local data for @types/babel__template@https://registry.npmjs.org/@types/babel__template/-/babel__template-7.4.4.tgz. Extracting by manifest.
2083 silly tarball no local data for @types/babel__generator@https://registry.npmjs.org/@types/babel__generator/-/babel__generator-7.27.0.tgz. Extracting by manifest.
2084 silly tarball no local data for @jridgewell/resolve-uri@https://registry.npmjs.org/@jridgewell/resolve-uri/-/resolve-uri-3.1.2.tgz. Extracting by manifest.
2085 silly tarball no local data for @babel/helper-string-parser@https://registry.npmjs.org/@babel/helper-string-parser/-/helper-string-parser-7.27.1.tgz. Extracting by manifest.
2086 silly tarball no local data for @jridgewell/sourcemap-codec@https://registry.npmjs.org/@jridgewell/sourcemap-codec/-/sourcemap-codec-1.5.5.tgz. Extracting by manifest.
2087 silly tarball no local data for @babel/helper-globals@https://registry.npmjs.org/@babel/helper-globals/-/helper-globals-7.28.0.tgz. Extracting by manifest.
2088 silly tarball no local data for @babel/compat-data@https://registry.npmjs.org/@babel/compat-data/-/compat-data-7.29.3.tgz. Extracting by manifest.
2089 silly tarball no local data for @babel/helper-module-imports@https://registry.npmjs.org/@babel/helper-module-imports/-/helper-module-imports-7.28.6.tgz. Extracting by manifest.
2090 silly tarball no local data for lru-cache@https://registry.npmjs.org/lru-cache/-/lru-cache-5.1.1.tgz. Extracting by manifest.
2091 silly tarball no local data for @jridgewell/trace-mapping@https://registry.npmjs.org/@jridgewell/trace-mapping/-/trace-mapping-0.3.31.tgz. Extracting by manifest.
2092 silly tarball no local data for browserslist@https://registry.npmjs.org/browserslist/-/browserslist-4.28.2.tgz. Extracting by manifest.
2093 silly tarball no local data for @babel/helper-validator-option@https://registry.npmjs.org/@babel/helper-validator-option/-/helper-validator-option-7.27.1.tgz. Extracting by manifest.
2094 silly tarball no local data for @babel/helper-plugin-utils@https://registry.npmjs.org/@babel/helper-plugin-utils/-/helper-plugin-utils-7.28.6.tgz. Extracting by manifest.
2095 silly tarball no local data for picocolors@https://registry.npmjs.org/picocolors/-/picocolors-1.1.1.tgz. Extracting by manifest.
2096 silly tarball no local data for jsesc@https://registry.npmjs.org/jsesc/-/jsesc-3.1.0.tgz. Extracting by manifest.
2097 silly tarball no local data for @babel/helper-validator-identifier@https://registry.npmjs.org/@babel/helper-validator-identifier/-/helper-validator-identifier-7.28.5.tgz. Extracting by manifest.
2098 silly tarball no local data for gensync@https://registry.npmjs.org/gensync/-/gensync-1.0.0-beta.2.tgz. Extracting by manifest.
2099 silly tarball no local data for js-tokens@https://registry.npmjs.org/js-tokens/-/js-tokens-4.0.0.tgz. Extracting by manifest.
2100 silly tarball no local data for @jridgewell/gen-mapping@https://registry.npmjs.org/@jridgewell/gen-mapping/-/gen-mapping-0.3.13.tgz. Extracting by manifest.
2101 silly tarball no local data for semver@https://registry.npmjs.org/semver/-/semver-6.3.1.tgz. Extracting by manifest.
2102 silly tarball no local data for convert-source-map@https://registry.npmjs.org/convert-source-map/-/convert-source-map-2.0.0.tgz. Extracting by manifest.
2103 silly tarball no local data for json5@https://registry.npmjs.org/json5/-/json5-2.2.3.tgz. Extracting by manifest.
2104 silly tarball no local data for @jridgewell/remapping@https://registry.npmjs.org/@jridgewell/remapping/-/remapping-2.3.5.tgz. Extracting by manifest.
2105 silly tarball no local data for debug@https://registry.npmjs.org/debug/-/debug-4.4.3.tgz. Extracting by manifest.
2106 silly tarball no local data for @babel/types@https://registry.npmjs.org/@babel/types/-/types-7.29.0.tgz. Extracting by manifest.
2107 silly tarball no local data for @babel/traverse@https://registry.npmjs.org/@babel/traverse/-/traverse-7.29.0.tgz. Extracting by manifest.
2108 silly tarball no local data for @babel/parser@https://registry.npmjs.org/@babel/parser/-/parser-7.29.3.tgz. Extracting by manifest.
2109 silly tarball no local data for @babel/helpers@https://registry.npmjs.org/@babel/helpers/-/helpers-7.29.2.tgz. Extracting by manifest.
2110 silly tarball no local data for @babel/code-frame@https://registry.npmjs.org/@babel/code-frame/-/code-frame-7.29.0.tgz. Extracting by manifest.
2111 silly tarball no local data for @babel/helper-compilation-targets@https://registry.npmjs.org/@babel/helper-compilation-targets/-/helper-compilation-targets-7.28.6.tgz. Extracting by manifest.
2112 silly tarball no local data for @babel/template@https://registry.npmjs.org/@babel/template/-/template-7.28.6.tgz. Extracting by manifest.
2113 silly tarball no local data for @types/babel__core@https://registry.npmjs.org/@types/babel__core/-/babel__core-7.20.5.tgz. Extracting by manifest.
2114 silly tarball no local data for react-refresh@https://registry.npmjs.org/react-refresh/-/react-refresh-0.17.0.tgz. Extracting by manifest.
2115 silly tarball no local data for @babel/helper-module-transforms@https://registry.npmjs.org/@babel/helper-module-transforms/-/helper-module-transforms-7.28.6.tgz. Extracting by manifest.
2116 silly tarball no local data for @rolldown/pluginutils@https://registry.npmjs.org/@rolldown/pluginutils/-/pluginutils-1.0.0-beta.27.tgz. Extracting by manifest.
2117 silly tarball no local data for @babel/plugin-transform-react-jsx-source@https://registry.npmjs.org/@babel/plugin-transform-react-jsx-source/-/plugin-transform-react-jsx-source-7.27.1.tgz. Extracting by manifest.
2118 silly tarball no local data for csstype@https://registry.npmjs.org/csstype/-/csstype-3.2.3.tgz. Extracting by manifest.
2119 silly tarball no local data for @babel/plugin-transform-react-jsx-self@https://registry.npmjs.org/@babel/plugin-transform-react-jsx-self/-/plugin-transform-react-jsx-self-7.27.1.tgz. Extracting by manifest.
2120 silly tarball no local data for @ant-design/fast-color@https://registry.npmjs.org/@ant-design/fast-color/-/fast-color-2.0.6.tgz. Extracting by manifest.
2121 silly tarball no local data for @babel/core@https://registry.npmjs.org/@babel/core/-/core-7.29.0.tgz. Extracting by manifest.
2122 silly tarball no local data for rc-util@https://registry.npmjs.org/rc-util/-/rc-util-5.44.4.tgz. Extracting by manifest.
2123 silly tarball no local data for @types/prop-types@https://registry.npmjs.org/@types/prop-types/-/prop-types-15.7.15.tgz. Extracting by manifest.
2124 silly tarball no local data for classnames@https://registry.npmjs.org/classnames/-/classnames-2.5.1.tgz. Extracting by manifest.
2125 silly tarball no local data for @ant-design/icons-svg@https://registry.npmjs.org/@ant-design/icons-svg/-/icons-svg-4.4.2.tgz. Extracting by manifest.
2126 silly tarball no local data for @ant-design/colors@https://registry.npmjs.org/@ant-design/colors/-/colors-7.2.1.tgz. Extracting by manifest.
2127 silly tarball no local data for @babel/runtime@https://registry.npmjs.org/@babel/runtime/-/runtime-7.29.2.tgz. Extracting by manifest.
2128 silly tarball no local data for tailwindcss@https://registry.npmjs.org/tailwindcss/-/tailwindcss-3.4.19.tgz. Extracting by manifest.
2129 silly tarball no local data for react-leaflet@https://registry.npmjs.org/react-leaflet/-/react-leaflet-4.2.1.tgz. Extracting by manifest.
2130 silly tarball no local data for @babel/generator@https://registry.npmjs.org/@babel/generator/-/generator-7.29.1.tgz. Extracting by manifest.
2131 silly tarball no local data for leaflet@https://registry.npmjs.org/leaflet/-/leaflet-1.9.4.tgz. Extracting by manifest.
2132 silly tarball no local data for react-router-dom@https://registry.npmjs.org/react-router-dom/-/react-router-dom-6.30.3.tgz. Extracting by manifest.
2133 silly tarball no local data for axios@https://registry.npmjs.org/axios/-/axios-1.16.1.tgz. Extracting by manifest.
2134 silly tarball no local data for dayjs@https://registry.npmjs.org/dayjs/-/dayjs-1.11.20.tgz. Extracting by manifest.
2135 silly tarball no local data for @vitejs/plugin-react@https://registry.npmjs.org/@vitejs/plugin-react/-/plugin-react-4.7.0.tgz. Extracting by manifest.
2136 silly tarball no local data for postcss@https://registry.npmjs.org/postcss/-/postcss-8.5.15.tgz. Extracting by manifest.
2137 silly tarball no local data for antd@https://registry.npmjs.org/antd/-/antd-5.29.3.tgz. Extracting by manifest.
2138 silly tarball no local data for @types/react-dom@https://registry.npmjs.org/@types/react-dom/-/react-dom-18.3.7.tgz. Extracting by manifest.
2139 silly tarball no local data for @types/react@https://registry.npmjs.org/@types/react/-/react-18.3.29.tgz. Extracting by manifest.
2140 silly tarball no local data for @ant-design/icons@https://registry.npmjs.org/@ant-design/icons/-/icons-5.6.1.tgz. Extracting by manifest.
2141 silly tarball no local data for react-dom@https://registry.npmjs.org/react-dom/-/react-dom-18.3.1.tgz. Extracting by manifest.
2142 silly tarball no local data for autoprefixer@https://registry.npmjs.org/autoprefixer/-/autoprefixer-10.5.0.tgz. Extracting by manifest.
2143 silly tarball no local data for vite@https://registry.npmjs.org/vite/-/vite-5.4.21.tgz. Extracting by manifest.
2144 silly tarball no local data for picomatch@https://registry.npmjs.org/picomatch/-/picomatch-4.0.4.tgz. Extracting by manifest.
2145 silly tarball no local data for react@https://registry.npmjs.org/react/-/react-18.3.1.tgz. Extracting by manifest.
2146 silly tarball no local data for glob-parent@https://registry.npmjs.org/glob-parent/-/glob-parent-5.1.2.tgz. Extracting by manifest.
2147 silly tarball no local data for glob-parent@https://registry.npmjs.org/glob-parent/-/glob-parent-5.1.2.tgz. Extracting by manifest.
2148 silly tarball no local data for fdir@https://registry.npmjs.org/fdir/-/fdir-6.5.0.tgz. Extracting by manifest.
2149 http fetch GET 200 https://registry.npmjs.org/thenify/-/thenify-3.3.1.tgz 207ms (cache miss)
2150 http fetch GET 200 https://registry.npmjs.org/tinyglobby/-/tinyglobby-0.2.16.tgz 205ms (cache miss)
2151 http fetch GET 200 https://registry.npmjs.org/object-assign/-/object-assign-4.1.1.tgz 208ms (cache miss)
2152 http fetch GET 200 https://registry.npmjs.org/mz/-/mz-2.7.0.tgz 208ms (cache miss)
2153 http fetch GET 200 https://registry.npmjs.org/pirates/-/pirates-4.0.7.tgz 208ms (cache miss)
2154 http fetch GET 200 https://registry.npmjs.org/thenify-all/-/thenify-all-1.6.0.tgz 211ms (cache miss)
2155 http fetch GET 200 https://registry.npmjs.org/@types/estree/-/estree-1.0.8.tgz 215ms (cache miss)
2156 http fetch GET 200 https://registry.npmjs.org/is-number/-/is-number-7.0.0.tgz 215ms (cache miss)
2157 http fetch POST 200 https://registry.npmjs.org/-/npm/v1/security/advisories/bulk 291ms
2158 silly audit report {
2158 silly audit report   vite: [
2158 silly audit report     {
2158 silly audit report       id: 1116229,
2158 silly audit report       url: 'https://github.com/advisories/GHSA-4w7w-66w2-5vf9',
2158 silly audit report       title: 'Vite Vulnerable to Path Traversal in Optimized Deps `.map` Handling',
2158 silly audit report       severity: 'moderate',
2158 silly audit report       vulnerable_versions: '<=6.4.1',
2158 silly audit report       cwe: [Array],
2158 silly audit report       cvss: [Object]
2158 silly audit report     }
2158 silly audit report   ],
2158 silly audit report   esbuild: [
2158 silly audit report     {
2158 silly audit report       id: 1102341,
2158 silly audit report       url: 'https://github.com/advisories/GHSA-67mh-4wv8-2f99',
2158 silly audit report       title: 'esbuild enables any website to send any requests to the development server and read the response',
2158 silly audit report       severity: 'moderate',
2158 silly audit report       vulnerable_versions: '<=0.24.2',
2158 silly audit report       cwe: [Array],
2158 silly audit report       cvss: [Object]
2158 silly audit report     }
2158 silly audit report   ]
2158 silly audit report }
2159 silly packumentCache corgi:https://registry.npmjs.org/vite cache-miss
2160 silly packumentCache corgi:https://registry.npmjs.org/esbuild cache-miss
2161 http fetch GET 200 https://registry.npmjs.org/esbuild/-/esbuild-0.21.5.tgz 230ms (cache miss)
2162 http fetch GET 200 https://registry.npmjs.org/escalade/-/escalade-3.2.0.tgz 238ms (cache miss)
2163 http fetch GET 200 https://registry.npmjs.org/@rollup/rollup-win32-x64-gnu/-/rollup-win32-x64-gnu-4.60.4.tgz 264ms (cache miss)
2164 http fetch GET 200 https://registry.npmjs.org/lines-and-columns/-/lines-and-columns-1.2.4.tgz 303ms (cache miss)
2165 http fetch GET 200 https://registry.npmjs.org/queue-microtask/-/queue-microtask-1.2.3.tgz 305ms (cache miss)
2166 http fetch GET 200 https://registry.npmjs.org/any-promise/-/any-promise-1.3.0.tgz 307ms (cache miss)
2167 http fetch GET 200 https://registry.npmjs.org/path-parse/-/path-parse-1.0.7.tgz 306ms (cache miss)
2168 http fetch GET 200 https://registry.npmjs.org/supports-preserve-symlinks-flag/-/supports-preserve-symlinks-flag-1.0.0.tgz 307ms (cache miss)
2169 http fetch GET 200 https://registry.npmjs.org/pify/-/pify-2.3.0.tgz 306ms (cache miss)
2170 http fetch GET 200 https://registry.npmjs.org/cssesc/-/cssesc-3.0.0.tgz 308ms (cache miss)
2171 http fetch GET 200 https://registry.npmjs.org/commander/-/commander-4.1.1.tgz 316ms (cache miss)
2172 http fetch GET 200 https://registry.npmjs.org/is-core-module/-/is-core-module-2.16.2.tgz 319ms (cache miss)
2173 http fetch GET 200 https://registry.npmjs.org/ts-interface-checker/-/ts-interface-checker-0.1.13.tgz 322ms (cache miss)
2174 http fetch GET 200 https://registry.npmjs.org/read-cache/-/read-cache-1.0.0.tgz 341ms (cache miss)
2175 http fetch GET 200 https://registry.npmjs.org/binary-extensions/-/binary-extensions-2.3.0.tgz 376ms (cache miss)
2176 http fetch GET 200 https://registry.npmjs.org/is-extglob/-/is-extglob-2.1.1.tgz 392ms (cache miss)
2177 http fetch GET 200 https://registry.npmjs.org/util-deprecate/-/util-deprecate-1.0.2.tgz 392ms (cache miss)
2178 http fetch GET 200 https://registry.npmjs.org/reusify/-/reusify-1.1.0.tgz 393ms (cache miss)
2179 http fetch GET 200 https://registry.npmjs.org/run-parallel/-/run-parallel-1.2.0.tgz 399ms (cache miss)
2180 http fetch GET 200 https://registry.npmjs.org/to-regex-range/-/to-regex-range-5.0.1.tgz 399ms (cache miss)
2181 http fetch GET 200 https://registry.npmjs.org/rollup/-/rollup-4.60.4.tgz 419ms (cache miss)
2182 http fetch GET 200 https://registry.npmjs.org/@nodelib/fs.walk/-/fs.walk-1.2.8.tgz 415ms (cache miss)
2183 http fetch GET 200 https://registry.npmjs.org/camelcase-css/-/camelcase-css-2.0.1.tgz 415ms (cache miss)
2184 http fetch GET 200 https://registry.npmjs.org/@nodelib/fs.scandir/-/fs.scandir-2.1.5.tgz 419ms (cache miss)
2185 http fetch GET 200 https://registry.npmjs.org/@rollup/rollup-win32-x64-msvc/-/rollup-win32-x64-msvc-4.60.4.tgz 433ms (cache miss)
2186 http fetch GET 200 https://registry.npmjs.org/@nodelib/fs.stat/-/fs.stat-2.0.5.tgz 424ms (cache miss)
2187 http fetch GET 200 https://registry.npmjs.org/fastq/-/fastq-1.20.1.tgz 429ms (cache miss)
2188 http fetch GET 200 https://registry.npmjs.org/merge2/-/merge2-1.4.1.tgz 440ms (cache miss)
2189 http fetch GET 200 https://registry.npmjs.org/is-binary-path/-/is-binary-path-2.1.0.tgz 468ms (cache miss)
2190 http fetch GET 200 https://registry.npmjs.org/fill-range/-/fill-range-7.1.1.tgz 473ms (cache miss)
2191 http fetch GET 200 https://registry.npmjs.org/anymatch/-/anymatch-3.1.3.tgz 486ms (cache miss)
2192 http fetch GET 200 https://registry.npmjs.org/braces/-/braces-3.0.3.tgz 498ms (cache miss)
2193 http fetch GET 200 https://registry.npmjs.org/postcss-nested/-/postcss-nested-6.2.0.tgz 501ms (cache miss)
2194 http fetch GET 200 https://registry.npmjs.org/picomatch/-/picomatch-2.3.2.tgz 502ms (cache miss)
2195 http fetch GET 200 https://registry.npmjs.org/postcss-load-config/-/postcss-load-config-6.0.1.tgz 518ms (cache miss)
2196 http fetch GET 200 https://registry.npmjs.org/readdirp/-/readdirp-3.6.0.tgz 520ms (cache miss)
2197 http fetch GET 200 https://registry.npmjs.org/normalize-path/-/normalize-path-3.0.0.tgz 524ms (cache miss)
2198 http fetch GET 200 https://registry.npmjs.org/postcss-import/-/postcss-import-15.1.0.tgz 538ms (cache miss)
2199 http fetch GET 200 https://registry.npmjs.org/object-hash/-/object-hash-3.0.0.tgz 542ms (cache miss)
2200 http fetch GET 200 https://registry.npmjs.org/postcss-selector-parser/-/postcss-selector-parser-6.1.2.tgz 566ms (cache miss)
2201 http fetch GET 200 https://registry.npmjs.org/micromatch/-/micromatch-4.0.8.tgz 586ms (cache miss)
2202 http fetch GET 200 https://registry.npmjs.org/lilconfig/-/lilconfig-3.1.3.tgz 595ms (cache miss)
2203 http fetch GET 200 https://registry.npmjs.org/glob-parent/-/glob-parent-6.0.2.tgz 596ms (cache miss)
2204 http fetch GET 200 https://registry.npmjs.org/postcss-js/-/postcss-js-4.1.0.tgz 601ms (cache miss)
2205 http fetch GET 200 https://registry.npmjs.org/is-glob/-/is-glob-4.0.3.tgz 600ms (cache miss)
2206 http fetch GET 200 https://registry.npmjs.org/dlv/-/dlv-1.1.3.tgz 605ms (cache miss)
2207 http fetch GET 200 https://registry.npmjs.org/didyoumean/-/didyoumean-1.2.2.tgz 613ms (cache miss)
2208 http fetch GET 200 https://registry.npmjs.org/@alloc/quick-lru/-/quick-lru-5.2.0.tgz 631ms (cache miss)
2209 http fetch GET 200 https://registry.npmjs.org/arg/-/arg-5.0.2.tgz 632ms (cache miss)
2210 http fetch GET 200 https://registry.npmjs.org/chokidar/-/chokidar-3.6.0.tgz 639ms (cache miss)
2211 http fetch GET 200 https://registry.npmjs.org/compute-scroll-into-view/-/compute-scroll-into-view-3.1.1.tgz 646ms (cache miss)
2212 http fetch GET 200 https://registry.npmjs.org/react-is/-/react-is-18.3.1.tgz 694ms (cache miss)
2213 http fetch GET 200 https://registry.npmjs.org/loose-envify/-/loose-envify-1.4.0.tgz 728ms (cache miss)
2214 http fetch GET 200 https://registry.npmjs.org/fast-glob/-/fast-glob-3.3.3.tgz 755ms (cache miss)
2215 http fetch GET 200 https://registry.npmjs.org/resolve/-/resolve-1.22.12.tgz 773ms (cache miss)
2216 http fetch GET 200 https://registry.npmjs.org/react-router/-/react-router-6.30.3.tgz 771ms (cache miss)
2217 http fetch GET 200 https://registry.npmjs.org/source-map-js/-/source-map-js-1.2.1.tgz 773ms (cache miss)
2218 http fetch GET 200 https://registry.npmjs.org/scheduler/-/scheduler-0.23.2.tgz 781ms (cache miss)
2219 http fetch GET 200 https://registry.npmjs.org/@react-leaflet/core/-/core-2.1.0.tgz 795ms (cache miss)
2220 http fetch GET 200 https://registry.npmjs.org/agent-base/-/agent-base-6.0.2.tgz 844ms (cache miss)
2221 http fetch GET 200 https://registry.npmjs.org/dunder-proto/-/dunder-proto-1.0.1.tgz 846ms (cache miss)
2222 http fetch GET 200 https://registry.npmjs.org/yallist/-/yallist-3.1.1.tgz 846ms (cache miss)
2223 http fetch GET 200 https://registry.npmjs.org/string-convert/-/string-convert-0.2.1.tgz 847ms (cache miss)
2224 http fetch GET 200 https://registry.npmjs.org/mime-db/-/mime-db-1.52.0.tgz 857ms (cache miss)
2225 http fetch GET 200 https://registry.npmjs.org/@rc-component/mini-decimal/-/mini-decimal-1.1.3.tgz 873ms (cache miss)
2226 http fetch GET 200 https://registry.npmjs.org/rc-overflow/-/rc-overflow-1.5.0.tgz 876ms (cache miss)
2227 http fetch GET 200 https://registry.npmjs.org/math-intrinsics/-/math-intrinsics-1.1.0.tgz 883ms (cache miss)
2228 http fetch GET 200 https://registry.npmjs.org/@rc-component/context/-/context-1.4.0.tgz 892ms (cache miss)
2229 http fetch GET 200 https://registry.npmjs.org/gopd/-/gopd-1.2.0.tgz 941ms (cache miss)
2230 http fetch GET 200 https://registry.npmjs.org/has-symbols/-/has-symbols-1.1.0.tgz 950ms (cache miss)
2231 http fetch GET 200 https://registry.npmjs.org/es-define-property/-/es-define-property-1.0.1.tgz 950ms (cache miss)
2232 http fetch GET 200 https://registry.npmjs.org/@esbuild/win32-x64/-/win32-x64-0.21.5.tgz 993ms (cache miss)
2233 http fetch GET 200 https://registry.npmjs.org/jiti/-/jiti-1.21.7.tgz 987ms (cache miss)
2234 http fetch GET 200 https://registry.npmjs.org/call-bind-apply-helpers/-/call-bind-apply-helpers-1.0.2.tgz 980ms (cache miss)
2235 http fetch GET 200 https://registry.npmjs.org/function-bind/-/function-bind-1.1.2.tgz 982ms (cache miss)
2236 http fetch GET 200 https://registry.npmjs.org/has-tostringtag/-/has-tostringtag-1.0.2.tgz 982ms (cache miss)
2237 http fetch GET 200 https://registry.npmjs.org/get-proto/-/get-proto-1.0.1.tgz 986ms (cache miss)
2238 http fetch GET 200 https://registry.npmjs.org/es-object-atoms/-/es-object-atoms-1.1.2.tgz 986ms (cache miss)
2239 http fetch GET 200 https://registry.npmjs.org/@remix-run/router/-/router-1.23.2.tgz 1005ms (cache miss)
2240 http fetch GET 200 https://registry.npmjs.org/mime-types/-/mime-types-2.1.35.tgz 997ms (cache miss)
2241 http fetch GET 200 https://registry.npmjs.org/es-set-tostringtag/-/es-set-tostringtag-2.1.0.tgz 998ms (cache miss)
2242 http fetch GET 200 https://registry.npmjs.org/delayed-stream/-/delayed-stream-1.0.0.tgz 1002ms (cache miss)
2243 http fetch GET 200 https://registry.npmjs.org/es-errors/-/es-errors-1.3.0.tgz 1026ms (cache miss)
2244 http fetch GET 200 https://registry.npmjs.org/@rc-component/async-validator/-/async-validator-5.1.0.tgz 1034ms (cache miss)
2245 http fetch GET 200 https://registry.npmjs.org/hasown/-/hasown-2.0.3.tgz 1034ms (cache miss)
2246 http fetch GET 200 https://registry.npmjs.org/combined-stream/-/combined-stream-1.0.8.tgz 1035ms (cache miss)
2247 http fetch GET 200 https://registry.npmjs.org/asynckit/-/asynckit-0.4.0.tgz 1043ms (cache miss)
2248 http fetch GET 200 https://registry.npmjs.org/ms/-/ms-2.1.3.tgz 1043ms (cache miss)
2249 http fetch GET 200 https://registry.npmjs.org/update-browserslist-db/-/update-browserslist-db-1.2.3.tgz 1047ms (cache miss)
2250 http fetch GET 200 https://registry.npmjs.org/get-intrinsic/-/get-intrinsic-1.3.0.tgz 1047ms (cache miss)
2251 http fetch GET 200 https://registry.npmjs.org/toggle-selection/-/toggle-selection-1.0.6.tgz 1049ms (cache miss)
2252 http fetch GET 200 https://registry.npmjs.org/node-releases/-/node-releases-2.0.46.tgz 1054ms (cache miss)
2253 http fetch GET 200 https://registry.npmjs.org/sucrase/-/sucrase-3.35.1.tgz 1089ms (cache miss)
2254 http fetch GET 200 https://registry.npmjs.org/nanoid/-/nanoid-3.3.12.tgz 1082ms (cache miss)
2255 http fetch GET 200 https://registry.npmjs.org/proxy-from-env/-/proxy-from-env-2.1.0.tgz 1084ms (cache miss)
2256 http fetch GET 200 https://registry.npmjs.org/follow-redirects/-/follow-redirects-1.16.0.tgz 1100ms (cache miss)
2257 http fetch GET 200 https://registry.npmjs.org/electron-to-chromium/-/electron-to-chromium-1.5.361.tgz 1106ms (cache miss)
2258 http fetch GET 200 https://registry.npmjs.org/https-proxy-agent/-/https-proxy-agent-5.0.1.tgz 1109ms (cache miss)
2259 http fetch GET 200 https://registry.npmjs.org/form-data/-/form-data-4.0.5.tgz 1110ms (cache miss)
2260 http fetch GET 200 https://registry.npmjs.org/rc-virtual-list/-/rc-virtual-list-3.19.2.tgz 1124ms (cache miss)
2261 http fetch GET 200 https://registry.npmjs.org/baseline-browser-mapping/-/baseline-browser-mapping-2.10.32.tgz 1117ms (cache miss)
2262 http fetch GET 200 https://registry.npmjs.org/postcss-value-parser/-/postcss-value-parser-4.2.0.tgz 1136ms (cache miss)
2263 http fetch GET 200 https://registry.npmjs.org/json2mq/-/json2mq-0.2.0.tgz 1144ms (cache miss)
2264 http fetch GET 200 https://registry.npmjs.org/@rc-component/portal/-/portal-1.1.2.tgz 1150ms (cache miss)
2265 http fetch GET 200 https://registry.npmjs.org/fraction.js/-/fraction.js-5.3.4.tgz 1165ms (cache miss)
2266 http fetch GET 200 https://registry.npmjs.org/@emotion/hash/-/hash-0.8.0.tgz 1165ms (cache miss)
2267 http fetch GET 200 https://registry.npmjs.org/stylis/-/stylis-4.4.0.tgz 1172ms (cache miss)
2268 http fetch GET 200 https://registry.npmjs.org/resize-observer-polyfill/-/resize-observer-polyfill-1.5.1.tgz 1176ms (cache miss)
2269 http fetch GET 200 https://registry.npmjs.org/throttle-debounce/-/throttle-debounce-5.0.2.tgz 1185ms (cache miss)
2270 http fetch GET 200 https://registry.npmjs.org/scroll-into-view-if-needed/-/scroll-into-view-if-needed-3.1.0.tgz 1207ms (cache miss)
2271 http fetch GET 200 https://registry.npmjs.org/@emotion/unitless/-/unitless-0.7.5.tgz 1219ms (cache miss)
2272 http fetch GET 200 https://registry.npmjs.org/rc-steps/-/rc-steps-6.0.1.tgz 1243ms (cache miss)
2273 http fetch GET 200 https://registry.npmjs.org/rc-textarea/-/rc-textarea-1.10.2.tgz 1252ms (cache miss)
2274 http fetch GET 200 https://registry.npmjs.org/rc-tooltip/-/rc-tooltip-6.4.0.tgz 1258ms (cache miss)
2275 http fetch GET 200 https://registry.npmjs.org/rc-switch/-/rc-switch-4.1.0.tgz 1270ms (cache miss)
2276 http fetch GET 200 https://registry.npmjs.org/rc-resize-observer/-/rc-resize-observer-1.4.3.tgz 1287ms (cache miss)
2277 http fetch GET 200 https://registry.npmjs.org/rc-segmented/-/rc-segmented-2.7.1.tgz 1288ms (cache miss)
2278 http fetch GET 200 https://registry.npmjs.org/rc-upload/-/rc-upload-4.11.0.tgz 1293ms (cache miss)
2279 http fetch GET 200 https://registry.npmjs.org/rc-progress/-/rc-progress-4.0.0.tgz 1294ms (cache miss)
2280 http fetch GET 200 https://registry.npmjs.org/rc-rate/-/rc-rate-2.13.1.tgz 1373ms (cache miss)
2281 http fetch GET 200 https://registry.npmjs.org/rc-input/-/rc-input-1.8.0.tgz 1373ms (cache miss)
2282 http fetch GET 200 https://registry.npmjs.org/rc-mentions/-/rc-mentions-2.20.0.tgz 1377ms (cache miss)
2283 http fetch GET 200 https://registry.npmjs.org/rc-drawer/-/rc-drawer-7.3.0.tgz 1381ms (cache miss)
2284 http fetch GET 200 https://registry.npmjs.org/rc-collapse/-/rc-collapse-3.9.0.tgz 1408ms (cache miss)
2285 http fetch GET 200 https://registry.npmjs.org/copy-to-clipboard/-/copy-to-clipboard-3.3.3.tgz 1449ms (cache miss)
2286 http fetch GET 200 https://registry.npmjs.org/rc-checkbox/-/rc-checkbox-3.5.0.tgz 1449ms (cache miss)
2287 http fetch GET 200 https://registry.npmjs.org/@ant-design/cssinjs-utils/-/cssinjs-utils-1.1.3.tgz 1479ms (cache miss)
2288 http fetch GET 200 https://registry.npmjs.org/@rc-component/mutate-observer/-/mutate-observer-1.1.0.tgz 1485ms (cache miss)
2289 http fetch GET 200 https://registry.npmjs.org/@types/babel__traverse/-/babel__traverse-7.28.0.tgz 1492ms (cache miss)
2290 http fetch GET 200 https://registry.npmjs.org/@types/babel__template/-/babel__template-7.4.4.tgz 1498ms (cache miss)
2291 http fetch GET 200 https://registry.npmjs.org/rc-dropdown/-/rc-dropdown-4.2.1.tgz 1527ms (cache miss)
2292 http fetch GET 200 https://registry.npmjs.org/@types/babel__generator/-/babel__generator-7.27.0.tgz 1533ms (cache miss)
2293 http fetch GET 200 https://registry.npmjs.org/@babel/helper-string-parser/-/helper-string-parser-7.27.1.tgz 1533ms (cache miss)
2294 http fetch GET 200 https://registry.npmjs.org/rc-tree/-/rc-tree-5.13.1.tgz 1550ms (cache miss)
2295 http fetch GET 200 https://registry.npmjs.org/rc-input-number/-/rc-input-number-9.5.0.tgz 1544ms (cache miss)
2296 http fetch GET 200 https://registry.npmjs.org/@jridgewell/resolve-uri/-/resolve-uri-3.1.2.tgz 1548ms (cache miss)
2297 http fetch GET 200 https://registry.npmjs.org/@babel/helper-globals/-/helper-globals-7.28.0.tgz 1556ms (cache miss)
2298 http fetch GET 200 https://registry.npmjs.org/lru-cache/-/lru-cache-5.1.1.tgz 1557ms (cache miss)
2299 http fetch GET 200 https://registry.npmjs.org/@babel/compat-data/-/compat-data-7.29.3.tgz 1574ms (cache miss)
2300 http fetch GET 200 https://registry.npmjs.org/rc-notification/-/rc-notification-5.6.4.tgz 1596ms (cache miss)
2301 http fetch GET 200 https://registry.npmjs.org/@babel/helper-validator-option/-/helper-validator-option-7.27.1.tgz 1586ms (cache miss)
2302 http fetch GET 200 https://registry.npmjs.org/@babel/helper-plugin-utils/-/helper-plugin-utils-7.28.6.tgz 1587ms (cache miss)
2303 http fetch GET 200 https://registry.npmjs.org/picocolors/-/picocolors-1.1.1.tgz 1587ms (cache miss)
2304 http fetch GET 200 https://registry.npmjs.org/jsesc/-/jsesc-3.1.0.tgz 1617ms (cache miss)
2305 http fetch GET 200 https://registry.npmjs.org/browserslist/-/browserslist-4.28.2.tgz 1624ms (cache miss)
2306 http fetch GET 200 https://registry.npmjs.org/gensync/-/gensync-1.0.0-beta.2.tgz 1635ms (cache miss)
2307 http fetch GET 200 https://registry.npmjs.org/@babel/helper-module-imports/-/helper-module-imports-7.28.6.tgz 1643ms (cache miss)
2308 http fetch GET 200 https://registry.npmjs.org/js-tokens/-/js-tokens-4.0.0.tgz 1649ms (cache miss)
2309 http fetch GET 200 https://registry.npmjs.org/convert-source-map/-/convert-source-map-2.0.0.tgz 1654ms (cache miss)
2310 http fetch GET 200 https://registry.npmjs.org/rc-tree-select/-/rc-tree-select-5.27.0.tgz 1687ms (cache miss)
2311 http fetch GET 200 https://registry.npmjs.org/semver/-/semver-6.3.1.tgz 1668ms (cache miss)
2312 http fetch GET 200 https://registry.npmjs.org/debug/-/debug-4.4.3.tgz 1677ms (cache miss)
2313 http fetch GET 200 https://registry.npmjs.org/@babel/helper-validator-identifier/-/helper-validator-identifier-7.28.5.tgz 1696ms (cache miss)
2314 http fetch GET 200 https://registry.npmjs.org/@babel/code-frame/-/code-frame-7.29.0.tgz 1708ms (cache miss)
2315 http fetch GET 200 https://registry.npmjs.org/@jridgewell/sourcemap-codec/-/sourcemap-codec-1.5.5.tgz 1737ms (cache miss)
2316 http fetch GET 200 https://registry.npmjs.org/@ant-design/react-slick/-/react-slick-1.1.2.tgz 1753ms (cache miss)
2317 http fetch GET 200 https://registry.npmjs.org/react-refresh/-/react-refresh-0.17.0.tgz 1751ms (cache miss)
2318 http fetch GET 200 https://registry.npmjs.org/@rc-component/qrcode/-/qrcode-1.1.1.tgz 1767ms (cache miss)
2319 http fetch GET 200 https://registry.npmjs.org/@babel/plugin-transform-react-jsx-source/-/plugin-transform-react-jsx-source-7.27.1.tgz 1772ms (cache miss)
2320 http fetch GET 200 https://registry.npmjs.org/rc-motion/-/rc-motion-2.9.5.tgz 1802ms (cache miss)
2321 http fetch GET 200 https://registry.npmjs.org/rc-slider/-/rc-slider-11.1.9.tgz 1808ms (cache miss)
2322 http fetch GET 200 https://registry.npmjs.org/@babel/plugin-transform-react-jsx-self/-/plugin-transform-react-jsx-self-7.27.1.tgz 1784ms (cache miss)
2323 http fetch GET 200 https://registry.npmjs.org/@rolldown/pluginutils/-/pluginutils-1.0.0-beta.27.tgz 1797ms (cache miss)
2324 http fetch GET 200 https://registry.npmjs.org/@rc-component/tour/-/tour-1.15.1.tgz 1833ms (cache miss)
2325 http fetch GET 200 https://registry.npmjs.org/json5/-/json5-2.2.3.tgz 1824ms (cache miss)
2326 http fetch GET 200 https://registry.npmjs.org/@types/prop-types/-/prop-types-15.7.15.tgz 1820ms (cache miss)
2327 http fetch GET 200 https://registry.npmjs.org/@types/babel__core/-/babel__core-7.20.5.tgz 1827ms (cache miss)
2328 http fetch GET 200 https://registry.npmjs.org/@babel/helper-compilation-targets/-/helper-compilation-targets-7.28.6.tgz 1835ms (cache miss)
2329 http fetch GET 200 https://registry.npmjs.org/rc-dialog/-/rc-dialog-9.6.0.tgz 1865ms (cache miss)
2330 http fetch GET 200 https://registry.npmjs.org/classnames/-/classnames-2.5.1.tgz 1871ms (cache miss)
2331 http fetch GET 200 https://registry.npmjs.org/@ant-design/colors/-/colors-7.2.1.tgz 1878ms (cache miss)
2332 http fetch GET 200 https://registry.npmjs.org/@babel/template/-/template-7.28.6.tgz 1892ms (cache miss)
2333 http fetch GET 200 https://registry.npmjs.org/@babel/helper-module-transforms/-/helper-module-transforms-7.28.6.tgz 1895ms (cache miss)
2334 http fetch GET 200 https://registry.npmjs.org/@jridgewell/gen-mapping/-/gen-mapping-0.3.13.tgz 1900ms (cache miss)
2335 http fetch GET 200 https://registry.npmjs.org/csstype/-/csstype-3.2.3.tgz 1900ms (cache miss)
2336 http fetch GET 200 https://registry.npmjs.org/@babel/parser/-/parser-7.29.3.tgz 1921ms (cache miss)
2337 http fetch GET 200 https://registry.npmjs.org/rc-tabs/-/rc-tabs-15.7.0.tgz 1949ms (cache miss)
2338 http fetch GET 200 https://registry.npmjs.org/@ant-design/fast-color/-/fast-color-2.0.6.tgz 1924ms (cache miss)
2339 http fetch GET 200 https://registry.npmjs.org/@jridgewell/remapping/-/remapping-2.3.5.tgz 1948ms (cache miss)
2340 http fetch GET 200 https://registry.npmjs.org/rc-image/-/rc-image-7.12.0.tgz 1983ms (cache miss)
2341 http fetch GET 200 https://registry.npmjs.org/rc-field-form/-/rc-field-form-2.7.1.tgz 1992ms (cache miss)
2342 http fetch GET 200 https://registry.npmjs.org/@rc-component/trigger/-/trigger-2.3.1.tgz 1992ms (cache miss)
2343 http fetch GET 200 https://registry.npmjs.org/@jridgewell/trace-mapping/-/trace-mapping-0.3.31.tgz 1981ms (cache miss)
2344 http fetch GET 200 https://registry.npmjs.org/@vitejs/plugin-react/-/plugin-react-4.7.0.tgz 2003ms (cache miss)
2345 http fetch GET 200 https://registry.npmjs.org/@types/react-dom/-/react-dom-18.3.7.tgz 2013ms (cache miss)
2346 http fetch GET 200 https://registry.npmjs.org/@rc-component/color-picker/-/color-picker-2.0.1.tgz 2054ms (cache miss)
2347 http fetch GET 200 https://registry.npmjs.org/react-router-dom/-/react-router-dom-6.30.3.tgz 2069ms (cache miss)
2348 http fetch GET 200 https://registry.npmjs.org/picomatch/-/picomatch-4.0.4.tgz 2120ms (cache miss)
2349 http fetch GET 200 https://registry.npmjs.org/react-leaflet/-/react-leaflet-4.2.1.tgz 2153ms (cache miss)
2350 http fetch GET 200 https://registry.npmjs.org/rc-cascader/-/rc-cascader-3.34.0.tgz 2222ms (cache miss)
2351 http fetch GET 200 https://registry.npmjs.org/@babel/generator/-/generator-7.29.1.tgz 2220ms (cache miss)
2352 http fetch GET 200 https://registry.npmjs.org/postcss/-/postcss-8.5.15.tgz 2226ms (cache miss)
2353 http fetch GET 200 https://registry.npmjs.org/@babel/traverse/-/traverse-7.29.0.tgz 2250ms (cache miss)
2354 http fetch GET 200 https://registry.npmjs.org/rc-menu/-/rc-menu-9.16.1.tgz 2269ms (cache miss)
2355 http fetch GET 200 https://registry.npmjs.org/glob-parent/-/glob-parent-5.1.2.tgz 2262ms (cache miss)
2356 http fetch GET 200 https://registry.npmjs.org/glob-parent/-/glob-parent-5.1.2.tgz 2266ms (cache miss)
2357 http fetch GET 200 https://registry.npmjs.org/rc-select/-/rc-select-14.16.8.tgz 2378ms (cache miss)
2358 http fetch GET 200 https://registry.npmjs.org/autoprefixer/-/autoprefixer-10.5.0.tgz 2465ms (cache miss)
2359 http fetch GET 200 https://registry.npmjs.org/@ant-design/cssinjs/-/cssinjs-1.24.0.tgz 2506ms (cache miss)
2360 http fetch GET 200 https://registry.npmjs.org/react/-/react-18.3.1.tgz 2495ms (cache miss)
2361 http fetch GET 200 https://registry.npmjs.org/rc-table/-/rc-table-7.54.0.tgz 2549ms (cache miss)
2362 http fetch GET 200 https://registry.npmjs.org/fdir/-/fdir-6.5.0.tgz 2523ms (cache miss)
2363 http fetch GET 200 https://registry.npmjs.org/axios/-/axios-1.16.1.tgz 2536ms (cache miss)
2364 http fetch GET 200 https://registry.npmjs.org/esbuild 2377ms (cache miss)
2365 silly packumentCache corgi:https://registry.npmjs.org/esbuild set size:undefined disposed:false
2366 http fetch GET 200 https://registry.npmjs.org/@babel/core/-/core-7.29.0.tgz 2592ms (cache miss)
2367 http fetch GET 200 https://registry.npmjs.org/vite 2434ms (cache miss)
2368 silly packumentCache corgi:https://registry.npmjs.org/vite set size:undefined disposed:false
2369 silly packumentCache corgi:https://registry.npmjs.org/@vitejs%2fplugin-react cache-miss
2370 http fetch GET 200 https://registry.npmjs.org/vite/-/vite-5.4.21.tgz 2656ms (cache miss)
2371 http fetch GET 200 https://registry.npmjs.org/react-dom/-/react-dom-18.3.1.tgz 2675ms (cache miss)
2372 http fetch GET 200 https://registry.npmjs.org/leaflet/-/leaflet-1.9.4.tgz 2692ms (cache miss)
2373 http fetch GET 200 https://registry.npmjs.org/rc-util/-/rc-util-5.44.4.tgz 2741ms (cache miss)
2374 http fetch GET 200 https://registry.npmjs.org/@vitejs%2fplugin-react 150ms (cache miss)
2375 silly packumentCache corgi:https://registry.npmjs.org/@vitejs%2fplugin-react set size:undefined disposed:false
2376 http fetch GET 200 https://registry.npmjs.org/@babel/types/-/types-7.29.0.tgz 2892ms (cache miss)
2377 http fetch GET 200 https://registry.npmjs.org/@babel/runtime/-/runtime-7.29.2.tgz 2948ms (cache miss)
2378 http fetch GET 200 https://registry.npmjs.org/@types/react/-/react-18.3.29.tgz 2967ms (cache miss)
2379 http fetch GET 200 https://registry.npmjs.org/@babel/helpers/-/helpers-7.29.2.tgz 3004ms (cache miss)
2380 http fetch GET 200 https://registry.npmjs.org/rc-pagination/-/rc-pagination-5.1.0.tgz 3027ms (cache miss)
2381 http fetch GET 200 https://registry.npmjs.org/tailwindcss/-/tailwindcss-3.4.19.tgz 3069ms (cache miss)
2382 http fetch GET 200 https://registry.npmjs.org/dayjs/-/dayjs-1.11.20.tgz 3258ms (cache miss)
2383 http fetch GET 200 https://registry.npmjs.org/rc-picker/-/rc-picker-4.11.3.tgz 3411ms (cache miss)
2384 http fetch GET 200 https://registry.npmjs.org/caniuse-lite/-/caniuse-lite-1.0.30001793.tgz 3686ms (cache miss)
2385 http fetch GET 200 https://registry.npmjs.org/@ant-design/icons/-/icons-5.6.1.tgz 6744ms (cache miss)
2386 http fetch GET 200 https://registry.npmjs.org/@ant-design/icons-svg/-/icons-svg-4.4.2.tgz 7710ms (cache miss)
2387 http fetch GET 200 https://registry.npmjs.org/antd/-/antd-5.29.3.tgz 10865ms (cache miss)
2388 info run esbuild@0.21.5 postinstall node_modules/esbuild node install.js
2389 info run esbuild@0.21.5 postinstall { code: 0, signal: null }
2390 silly ADD node_modules/@types/estree
2391 silly ADD node_modules/@rollup/rollup-win32-x64-msvc
2392 silly ADD node_modules/@rollup/rollup-win32-x64-gnu
2393 silly ADD node_modules/@esbuild/win32-x64
2394 silly ADD node_modules/rollup
2395 silly ADD node_modules/esbuild
2396 silly ADD node_modules/escalade
2397 silly ADD node_modules/is-number
2398 silly ADD node_modules/thenify
2399 silly ADD node_modules/thenify-all
2400 silly ADD node_modules/object-assign
2401 silly ADD node_modules/any-promise
2402 silly ADD node_modules/ts-interface-checker
2403 silly ADD node_modules/tinyglobby
2404 silly ADD node_modules/tinyglobby/node_modules/picomatch
2405 silly ADD node_modules/tinyglobby/node_modules/fdir
2406 silly ADD node_modules/pirates
2407 silly ADD node_modules/mz
2408 silly ADD node_modules/lines-and-columns
2409 silly ADD node_modules/commander
2410 silly ADD node_modules/queue-microtask
2411 silly ADD node_modules/supports-preserve-symlinks-flag
2412 silly ADD node_modules/path-parse
2413 silly ADD node_modules/is-core-module
2414 silly ADD node_modules/pify
2415 silly ADD node_modules/util-deprecate
2416 silly ADD node_modules/cssesc
2417 silly ADD node_modules/camelcase-css
2418 silly ADD node_modules/read-cache
2419 silly ADD node_modules/is-extglob
2420 silly ADD node_modules/binary-extensions
2421 silly ADD node_modules/to-regex-range
2422 silly ADD node_modules/reusify
2423 silly ADD node_modules/run-parallel
2424 silly ADD node_modules/fastq
2425 silly ADD node_modules/@nodelib/fs.scandir
2426 silly ADD node_modules/merge2
2427 silly ADD node_modules/@nodelib/fs.walk
2428 silly ADD node_modules/@nodelib/fs.stat
2429 silly ADD node_modules/fill-range
2430 silly ADD node_modules/picomatch
2431 silly ADD node_modules/readdirp
2432 silly ADD node_modules/is-binary-path
2433 silly ADD node_modules/braces
2434 silly ADD node_modules/anymatch
2435 silly ADD node_modules/sucrase
2436 silly ADD node_modules/resolve
2437 silly ADD node_modules/postcss-selector-parser
2438 silly ADD node_modules/postcss-nested
2439 silly ADD node_modules/postcss-load-config
2440 silly ADD node_modules/postcss-js
2441 silly ADD node_modules/postcss-import
2442 silly ADD node_modules/object-hash
2443 silly ADD node_modules/normalize-path
2444 silly ADD node_modules/micromatch
2445 silly ADD node_modules/lilconfig
2446 silly ADD node_modules/jiti
2447 silly ADD node_modules/is-glob
2448 silly ADD node_modules/glob-parent
2449 silly ADD node_modules/fast-glob
2450 silly ADD node_modules/fast-glob/node_modules/glob-parent
2451 silly ADD node_modules/dlv
2452 silly ADD node_modules/didyoumean
2453 silly ADD node_modules/chokidar
2454 silly ADD node_modules/chokidar/node_modules/glob-parent
2455 silly ADD node_modules/arg
2456 silly ADD node_modules/@alloc/quick-lru
2457 silly ADD node_modules/compute-scroll-into-view
2458 silly ADD node_modules/react-router
2459 silly ADD node_modules/@remix-run/router
2460 silly ADD node_modules/@react-leaflet/core
2461 silly ADD node_modules/scheduler
2462 silly ADD node_modules/loose-envify
2463 silly ADD node_modules/react-is
2464 silly ADD node_modules/@rc-component/context
2465 silly ADD node_modules/rc-virtual-list
2466 silly ADD node_modules/rc-overflow
2467 silly ADD node_modules/@rc-component/mini-decimal
2468 silly ADD node_modules/@rc-component/async-validator
2469 silly ADD node_modules/source-map-js
2470 silly ADD node_modules/nanoid
2471 silly ADD node_modules/mime-db
2472 silly ADD node_modules/yallist
2473 silly ADD node_modules/string-convert
2474 silly ADD node_modules/agent-base
2475 silly ADD node_modules/dunder-proto
2476 silly ADD node_modules/math-intrinsics
2477 silly ADD node_modules/has-symbols
2478 silly ADD node_modules/gopd
2479 silly ADD node_modules/get-proto
2480 silly ADD node_modules/function-bind
2481 silly ADD node_modules/es-object-atoms
2482 silly ADD node_modules/es-define-property
2483 silly ADD node_modules/call-bind-apply-helpers
2484 silly ADD node_modules/has-tostringtag
2485 silly ADD node_modules/get-intrinsic
2486 silly ADD node_modules/es-errors
2487 silly ADD node_modules/delayed-stream
2488 silly ADD node_modules/mime-types
2489 silly ADD node_modules/hasown
2490 silly ADD node_modules/es-set-tostringtag
2491 silly ADD node_modules/combined-stream
2492 silly ADD node_modules/asynckit
2493 silly ADD node_modules/ms
2494 silly ADD node_modules/toggle-selection
2495 silly ADD node_modules/update-browserslist-db
2496 silly ADD node_modules/node-releases
2497 silly ADD node_modules/electron-to-chromium
2498 silly ADD node_modules/baseline-browser-mapping
2499 silly ADD node_modules/proxy-from-env
2500 silly ADD node_modules/https-proxy-agent
2501 silly ADD node_modules/form-data
2502 silly ADD node_modules/follow-redirects
2503 silly ADD node_modules/postcss-value-parser
2504 silly ADD node_modules/fraction.js
2505 silly ADD node_modules/caniuse-lite
2506 silly ADD node_modules/@rc-component/portal
2507 silly ADD node_modules/resize-observer-polyfill
2508 silly ADD node_modules/json2mq
2509 silly ADD node_modules/stylis
2510 silly ADD node_modules/@emotion/unitless
2511 silly ADD node_modules/@emotion/hash
2512 silly ADD node_modules/throttle-debounce
2513 silly ADD node_modules/scroll-into-view-if-needed
2514 silly ADD node_modules/rc-upload
2515 silly ADD node_modules/rc-tree-select
2516 silly ADD node_modules/rc-tree
2517 silly ADD node_modules/rc-tooltip
2518 silly ADD node_modules/rc-textarea
2519 silly ADD node_modules/rc-tabs
2520 silly ADD node_modules/rc-table
2521 silly ADD node_modules/rc-switch
2522 silly ADD node_modules/rc-steps
2523 silly ADD node_modules/rc-slider
2524 silly ADD node_modules/rc-select
2525 silly ADD node_modules/rc-segmented
2526 silly ADD node_modules/rc-resize-observer
2527 silly ADD node_modules/rc-rate
2528 silly ADD node_modules/rc-progress
2529 silly ADD node_modules/rc-picker
2530 silly ADD node_modules/rc-pagination
2531 silly ADD node_modules/rc-notification
2532 silly ADD node_modules/rc-motion
2533 silly ADD node_modules/rc-menu
2534 silly ADD node_modules/rc-mentions
2535 silly ADD node_modules/rc-input-number
2536 silly ADD node_modules/rc-input
2537 silly ADD node_modules/rc-image
2538 silly ADD node_modules/rc-field-form
2539 silly ADD node_modules/rc-dropdown
2540 silly ADD node_modules/rc-drawer
2541 silly ADD node_modules/rc-dialog
2542 silly ADD node_modules/rc-collapse
2543 silly ADD node_modules/rc-checkbox
2544 silly ADD node_modules/rc-cascader
2545 silly ADD node_modules/copy-to-clipboard
2546 silly ADD node_modules/@rc-component/trigger
2547 silly ADD node_modules/@rc-component/tour
2548 silly ADD node_modules/@rc-component/qrcode
2549 silly ADD node_modules/@rc-component/mutate-observer
2550 silly ADD node_modules/@rc-component/color-picker
2551 silly ADD node_modules/@ant-design/react-slick
2552 silly ADD node_modules/@ant-design/cssinjs-utils
2553 silly ADD node_modules/@ant-design/cssinjs
2554 silly ADD node_modules/@types/babel__traverse
2555 silly ADD node_modules/@types/babel__template
2556 silly ADD node_modules/@types/babel__generator
2557 silly ADD node_modules/@jridgewell/resolve-uri
2558 silly ADD node_modules/@jridgewell/sourcemap-codec
2559 silly ADD node_modules/@babel/helper-string-parser
2560 silly ADD node_modules/@babel/helper-globals
2561 silly ADD node_modules/@babel/helper-plugin-utils
2562 silly ADD node_modules/@babel/helper-module-imports
2563 silly ADD node_modules/lru-cache
2564 silly ADD node_modules/browserslist
2565 silly ADD node_modules/@babel/helper-validator-option
2566 silly ADD node_modules/@babel/compat-data
2567 silly ADD node_modules/jsesc
2568 silly ADD node_modules/@jridgewell/trace-mapping
2569 silly ADD node_modules/@jridgewell/gen-mapping
2570 silly ADD node_modules/picocolors
2571 silly ADD node_modules/js-tokens
2572 silly ADD node_modules/@babel/helper-validator-identifier
2573 silly ADD node_modules/semver
2574 silly ADD node_modules/json5
2575 silly ADD node_modules/gensync
2576 silly ADD node_modules/debug
2577 silly ADD node_modules/convert-source-map
2578 silly ADD node_modules/@jridgewell/remapping
2579 silly ADD node_modules/@babel/types
2580 silly ADD node_modules/@babel/traverse
2581 silly ADD node_modules/@babel/template
2582 silly ADD node_modules/@babel/parser
2583 silly ADD node_modules/@babel/helpers
2584 silly ADD node_modules/@babel/helper-module-transforms
2585 silly ADD node_modules/@babel/helper-compilation-targets
2586 silly ADD node_modules/@babel/generator
2587 silly ADD node_modules/@babel/code-frame
2588 silly ADD node_modules/react-refresh
2589 silly ADD node_modules/@types/babel__core
2590 silly ADD node_modules/@rolldown/pluginutils
2591 silly ADD node_modules/@babel/plugin-transform-react-jsx-source
2592 silly ADD node_modules/@babel/plugin-transform-react-jsx-self
2593 silly ADD node_modules/@babel/core
2594 silly ADD node_modules/csstype
2595 silly ADD node_modules/@types/prop-types
2596 silly ADD node_modules/@ant-design/fast-color
2597 silly ADD node_modules/rc-util
2598 silly ADD node_modules/classnames
2599 silly ADD node_modules/@babel/runtime
2600 silly ADD node_modules/@ant-design/icons-svg
2601 silly ADD node_modules/@ant-design/colors
2602 silly ADD node_modules/tailwindcss
2603 silly ADD node_modules/react-router-dom
2604 silly ADD node_modules/react-leaflet
2605 silly ADD node_modules/leaflet
2606 silly ADD node_modules/dayjs
2607 silly ADD node_modules/axios
2608 silly ADD node_modules/postcss
2609 silly ADD node_modules/autoprefixer
2610 silly ADD node_modules/antd
2611 silly ADD node_modules/vite
2612 silly ADD node_modules/@vitejs/plugin-react
2613 silly ADD node_modules/@types/react-dom
2614 silly ADD node_modules/@types/react
2615 silly ADD node_modules/react-dom
2616 silly ADD node_modules/react
2617 silly ADD node_modules/@ant-design/icons
2618 verbose cwd F:\CC_projects\travel_plan\frontend
2619 verbose os Windows_NT 10.0.26200
2620 verbose node v24.16.0
2621 verbose npm  v11.13.0
2622 notice
2622 notice New minor version of npm available! 11.13.0 -> 11.15.0
2622 notice Changelog: https://github.com/npm/cli/releases/tag/v11.15.0
2622 notice To update run: npm install -g npm@11.15.0
2622 notice  { force: true, Symbol(proc-log.meta): true }
2623 verbose exit 0
2624 info ok
